,DFFPOSX1_1,DFFPOSX1_2,DFFPOSX1_3,DFFPOSX1_4,DFFPOSX1_5,DFFPOSX1_6,DFFPOSX1_7,DFFPOSX1_8,DFFPOSX1_9,DFFPOSX1_10,DFFPOSX1_11,DFFPOSX1_12,DFFPOSX1_13,DFFPOSX1_14,DFFPOSX1_15,DFFPOSX1_16,DFFPOSX1_17,DFFPOSX1_18,DFFPOSX1_19,DFFPOSX1_20,DFFPOSX1_21,DFFPOSX1_22,DFFPOSX1_23,DFFPOSX1_24,DFFPOSX1_25,DFFPOSX1_26,DFFPOSX1_27,DFFPOSX1_28,DFFPOSX1_29,DFFPOSX1_30,DFFPOSX1_31,DFFPOSX1_32,DFFPOSX1_33,DFFPOSX1_34,DFFPOSX1_35,DFFPOSX1_36,DFFPOSX1_37,DFFPOSX1_38,DFFPOSX1_39,DFFPOSX1_40,DFFPOSX1_41,DFFPOSX1_42,DFFPOSX1_43,DFFPOSX1_44,DFFPOSX1_45,DFFPOSX1_46,DFFPOSX1_47,DFFPOSX1_48,DFFPOSX1_49,DFFPOSX1_50,DFFPOSX1_51,DFFPOSX1_52,DFFPOSX1_53,DFFPOSX1_54,DFFPOSX1_55,DFFPOSX1_56,DFFPOSX1_57,DFFPOSX1_58,DFFPOSX1_59,DFFPOSX1_60,DFFPOSX1_61,DFFPOSX1_62,DFFPOSX1_63,DFFPOSX1_64,DFFPOSX1_65,DFFPOSX1_66,DFFPOSX1_67,DFFPOSX1_68,DFFPOSX1_69,DFFPOSX1_70,DFFPOSX1_71,DFFPOSX1_72,DFFPOSX1_73,DFFPOSX1_74,DFFPOSX1_75,DFFPOSX1_76,DFFPOSX1_77,DFFPOSX1_78,DFFPOSX1_79,DFFPOSX1_80,DFFPOSX1_81,DFFPOSX1_82,DFFPOSX1_83,DFFPOSX1_84,DFFPOSX1_85,DFFPOSX1_86,DFFPOSX1_87,DFFPOSX1_88,DFFPOSX1_89,DFFPOSX1_90,DFFPOSX1_91,DFFPOSX1_92,DFFPOSX1_93,DFFPOSX1_94,DFFPOSX1_95,DFFPOSX1_96,DFFPOSX1_97,DFFPOSX1_98,DFFPOSX1_99,DFFPOSX1_100,DFFPOSX1_101,DFFPOSX1_102,DFFPOSX1_103,DFFPOSX1_104,DFFPOSX1_105,DFFPOSX1_106,DFFPOSX1_107,DFFPOSX1_108,DFFPOSX1_109,DFFPOSX1_110,DFFPOSX1_111,DFFPOSX1_112,DFFPOSX1_113,DFFPOSX1_114,DFFPOSX1_115,DFFPOSX1_116,DFFPOSX1_117,DFFPOSX1_118,DFFPOSX1_119,DFFPOSX1_120,DFFPOSX1_121,DFFPOSX1_122,DFFPOSX1_123,DFFPOSX1_124,DFFPOSX1_125,DFFPOSX1_126,DFFPOSX1_127,DFFPOSX1_128,DFFPOSX1_129,DFFPOSX1_130,DFFPOSX1_131,DFFPOSX1_132,DFFPOSX1_133,DFFPOSX1_134,DFFPOSX1_135,DFFPOSX1_136,DFFPOSX1_137,DFFPOSX1_138,DFFPOSX1_139,DFFPOSX1_140,DFFPOSX1_141,DFFPOSX1_142,DFFPOSX1_143,DFFPOSX1_144,DFFPOSX1_145,DFFPOSX1_146,DFFPOSX1_147,DFFPOSX1_148,DFFPOSX1_149,DFFPOSX1_150,DFFPOSX1_151,DFFPOSX1_152,DFFPOSX1_153,DFFPOSX1_154,DFFPOSX1_155,DFFPOSX1_156,DFFPOSX1_157,DFFPOSX1_158,DFFPOSX1_159,DFFPOSX1_160,DFFPOSX1_161,DFFPOSX1_162,DFFPOSX1_163,DFFPOSX1_164,DFFPOSX1_165,DFFPOSX1_166,DFFPOSX1_167,DFFPOSX1_168,DFFPOSX1_169,DFFPOSX1_170,DFFPOSX1_171,DFFPOSX1_172,DFFPOSX1_173,DFFPOSX1_174,DFFPOSX1_175,DFFPOSX1_176,DFFPOSX1_177,DFFPOSX1_178,DFFPOSX1_179,DFFPOSX1_180,DFFPOSX1_181,DFFPOSX1_182,DFFPOSX1_183,DFFPOSX1_184,DFFPOSX1_185,DFFPOSX1_186,DFFPOSX1_187,DFFPOSX1_188,DFFPOSX1_189,DFFPOSX1_190,DFFPOSX1_191,DFFPOSX1_192,DFFPOSX1_193,DFFPOSX1_194,DFFPOSX1_195,DFFPOSX1_196,DFFPOSX1_197,DFFPOSX1_198,DFFPOSX1_199,DFFPOSX1_200,DFFPOSX1_201,DFFPOSX1_202,DFFPOSX1_203,DFFPOSX1_204,DFFPOSX1_205,DFFPOSX1_206,DFFPOSX1_207,DFFPOSX1_208,DFFPOSX1_209,DFFPOSX1_210,DFFPOSX1_211,DFFPOSX1_212,DFFPOSX1_213,DFFPOSX1_214,DFFPOSX1_215,DFFPOSX1_216,DFFPOSX1_217,DFFPOSX1_218,DFFPOSX1_219,DFFPOSX1_220,DFFPOSX1_221,DFFPOSX1_222,DFFPOSX1_223,DFFPOSX1_224,DFFPOSX1_225,DFFPOSX1_226,DFFPOSX1_227,DFFPOSX1_228,DFFPOSX1_229,DFFPOSX1_230,DFFPOSX1_231,DFFPOSX1_232,DFFPOSX1_233,DFFPOSX1_234,DFFPOSX1_235,DFFPOSX1_236,DFFPOSX1_237,DFFPOSX1_238,DFFPOSX1_239,DFFPOSX1_240,DFFPOSX1_241,DFFPOSX1_242,DFFPOSX1_243,DFFPOSX1_244,DFFPOSX1_245
average_neighbour_degree,0.5,0.5,0.5,0.5,0.5,0.5,0.5,0.5,0.5,0.5,0.5,0.5,0.5,0.5,0.5,0.5,0.5,0.5,0.5,0.5,0.5,0.5,0.5,0.5,0.5,0.5,0.5,0.5,0.5,0.5,0.5,0.5,0.5,0.5,0.5,0.5,0.5,0.5,0.5,0.5,0.5,0.5,0.5,0.5,0.5,0.5,0.5,0.5,0.5,0.5,0.5,0.5,0.0,0.0,2.1111111111111107,1.6,1.5,1.1666666666666667,1.3333333333333333,1.2,1.4,1.25,1.5,1.8,1.75,2.6,2.75,2.0,1.6,3.0,2.333333333333333,2.5,3.0,4.0,5.0,1.6666666666666667,2.1666666666666665,2.0,2.5,2.6,1.8,1.5,1.6,2.4,3.0,4.911764705882354,2.5,2.0,1.0,1.0,1.0,1.0,1.0,1.0,1.0,1.0,1.0,1.0,1.0,1.0,1.0,1.0,1.0,1.0,1.0,1.0,1.0,1.0,1.0,1.0,1.0,1.0,1.0,1.0,1.0,1.0,1.0,1.0,1.0,2.0,1.5,1.5,1.5,1.5,1.5,1.5,2.0,2.0,2.0,2.0,2.0,2.0,1.0,1.0,1.0,1.0,1.0,1.0,1.0,1.0,1.0,1.0,1.5,1.0,1.0,1.0,1.0,1.0,1.0,1.0,2.333333333333333,2.0,1.5,2.0,2.0,1.8,1.75,2.333333333333333,4.0,2.5,1.6,1.5,3.0,3.0,3.333333333333333,3.0,2.5,3.0,2.0,2.5,1.0,1.0,1.0,1.0,1.0,1.0,1.0,1.0,1.0,1.0,2.0,1.0,1.5,1.4,1.75,1.75,1.4,2.0,1.4,1.5,2.333333333333333,2.0,1.5,1.75,1.2,2.5,1.5,2.0,2.333333333333333,2.0,2.333333333333333,2.0,1.0,1.0,1.0,1.0,1.0,1.0,1.0,1.0,1.0,1.0,1.5,2.5,1.3333333333333333,2.0,3.0,2.0,5.0,1.6666666666666667,1.5,2.6666666666666665,2.5,5.0,1.3333333333333333,1.5,2.0,6.0,2.0,2.6666666666666665,2.5,1.6666666666666667,3.0,2.5,1.6666666666666667,2.5,4.0,3.5,3.5,2.0,3.0,2.6666666666666665,3.0,2.333333333333333,11.0
betweenness_centrality,0.0004988849655616154,0.00047470103988962693,0.0006082716404044579,0.00037866003595083883,0.0005384465326578276,0.0004444082942403293,0.0005085921543158488,0.0005309325975853993,0.0005228175849069465,0.00030973457281871183,0.0004194819838939745,0.00024318167875237,0.0002972227418915288,0.00022750901668094838,0.00029481766353655465,0.0002306404396694668,0.00022383314170273467,0.00022376131997946242,0.0002163842992247469,0.00021326479296897332,0.00040397275874891087,0.0004040536760937983,0.0003948631680556208,0.00040277325961195985,0.0003949008980415799,0.00039481506232352267,0.00039474431859984923,0.0003948914655450901,0.00040784699947381763,0.00039554042130358766,0.00040779040449487883,0.00039569935886944063,0.0004029813809095097,0.00040292754830454285,0.0004029200023073511,0.0004030660590029975,0.00040296324479125877,0.0003948584518073757,0.0004047129177651357,0.000403982624078573,0.00040471473688945866,0.00040397442678995687,0.00040467896077777234,0.000404652549787601,0.00040468839327426217,0.00039533950912835496,0.00040470170699611756,0.0003951942486824124,0.0003951117817131016,0.0004039933591579113,0.00040399802263694514,0.0004041197546108745,2.2524801617620332e-05,2.1506091996722923e-05,0.0010075556563006664,0.00181541455993448,0.0016076564456180865,0.0018568644677939587,0.002029754830272958,0.0019740388687889314,0.0017238008467982098,0.0018186687707967895,0.001956071894138543,0.0022198342429477907,0.0017961577705213128,0.001807176338067826,0.0018328785631473255,0.0016174331138731394,0.0018646152568162085,0.002032664449854245,0.001876421755529682,0.0019969751531649185,0.0018386123939135406,0.0016397094955995376,0.002053063741663708,0.001599734926402542,0.0019094739743425692,0.001352305165449914,0.0019222814829476789,0.0018224706511920398,0.0016315610967591561,0.002045784288476429,0.001462071897400396,0.0018628280861631445,0.0017172029198799215,0.011720635777256924,0.0011464239195389204,0.0008440900045028117,0.0005557131725718999,0.0006257155020212331,0.0006259135844475188,0.0005502729802214161,0.0006257155020212331,0.0006259135844475188,0.0005301959114428935,0.0005301959114428935,0.0005301959114428935,0.0005502729802214544,0.0005301959114428935,0.0005333322165257205,0.0005301959114428935,0.0005502729802214643,0.0005333322165257202,0.0005301959114428935,0.0005333322165257132,0.0005502729802214639,0.0005333322165257115,0.0005333322165257309,0.0005557131725718999,0.0005557131725718999,0.0005333322165257342,0.0005557131725718999,0.0005557131725718999,0.0005557131725718999,0.0005557131725718999,0.0005557131725718999,0.0005301959114428935,0.0005301959114428935,0.001187245465480599,0.0011507465426509624,0.0015204976291947664,0.002446824930820131,0.0027919925853985275,0.0018521450565982672,0.0018465932841964035,0.001309158362306959,0.0011077323238298405,0.0011228640399791768,0.0011903194574697175,0.0011239048155002498,0.0011418029507600895,0.001215086957539772,0.0032742065968194233,0.00393262039482416,0.003045059502506497,0.001633820660971078,0.003198583958754401,0.002356851360162405,0.002467103028171125,0.0027307344901801077,0.0011207543035020486,0.0021361756128436844,0.011337457834302593,0.0026315290966462826,0.0024123016050012565,0.015023335854613884,0.002452124765811497,0.008609083714443248,0.001228992878833542,0.0016268305467133641,0.008599861144414502,0.01142247816452495,0.012289262048344005,0.015193486825528357,0.010426020084647221,0.010733170961060063,0.012471915016158163,0.011385678485698915,0.008082818276733102,0.009100335981353359,0.009650950398434962,0.008438729804229526,0.007905685204235723,0.007187102816933954,0.009566112348534188,0.0069639721628891385,0.0073318617646314045,0.0065612107276074244,0.007478078318162772,0.00705456856931713,0.0052681316733142365,0.004895021791231716,0.004769797168768914,0.0045043975335329715,0.000970352534847327,0.004486463532238057,0.0029445023838066448,0.0010125285284059667,0.0036536867796176154,0.0009728152480258053,0.003980809282976221,0.005514610568374882,0.003452134174109195,0.0059783871157035404,0.0059206703041599675,0.004757681470728061,0.004638404370882396,0.006620600736364568,0.007591522067717024,0.008465641854231766,0.008280013970061522,0.0077550436021533425,0.006346261393652788,0.010915574242889692,0.00902241824238992,0.008038449138680598,0.007972364198166765,0.007722418143838777,0.009270531810889672,0.00785299184131885,0.00903128879308198,0.008440954571902916,0.004618842151934257,0.0043905250192928565,0.011167631159138,0.006070405203063093,0.0027628185911078612,0.005491170733757799,0.00412015804761647,0.0035231543379783533,0.005515465017010819,0.004545578237314261,0.002660360170020438,0.003984545421001011,0.3256922435823309,0.007812946361013113,0.012191651311713712,0.0071958629507134315,0.003916986781229196,0.00549680726239446,0.004529754773348788,0.013065092697209008,0.006768939658116105,0.005166488567986832,0.003254506139065845,0.005381250565726953,0.005622879977595297,0.00422210269326864,0.009984989533241931,0.01105529866349287,0.0045269431028945786,0.005058036581868923,0.006132079974697328,0.007012777515717822,0.004700064322311378,0.006591179934971788,0.006528318730997619,0.007433245452870906,0.007028682794107944,0.006317671587108341,0.006103855371732625,0.00870810767467027,0.005945939275610244,0.00771286843869022,7.906355956873995e-05
closeness_centrality,0.050115881765771635,0.04752730551197664,0.04803263517373031,0.04602246359022677,0.04457283738406729,0.04539017731206437,0.04537561272778087,0.045847776655239016,0.04545373679185514,0.04249287475942316,0.04069142436760263,0.04114289081683642,0.04185845698381685,0.0386303279756579,0.04053539207363035,0.03940940741446052,0.03721608922680508,0.036930651814878215,0.035116076248944285,0.03644216263241401,0.0366277685767494,0.03684438716890613,0.04570851660877219,0.043712746314816135,0.04647112099951426,0.044228122874649715,0.04395791000231,0.04334324482278981,0.04675314352219519,0.0460242116775122,0.045625984041370325,0.044406579921213364,0.04530271109859133,0.04554243563140343,0.045821241251882035,0.044951337373389855,0.044434066585299074,0.04177042004834807,0.04343981217977755,0.042803458637214714,0.0427918608269002,0.04188174580288244,0.04116077592869224,0.04085359404017312,0.040410368373987496,0.03983649211386176,0.03943266155498664,0.03877147339678624,0.038409850222730066,0.03837951400643975,0.0379798668095471,0.03625818609197127,0.009375305547933708,0.006831392158243049,0.0010279325812151694,0.006778763698646525,0.00690099875198365,0.007003905647065197,0.0070806958414596985,0.007160842317835658,0.0070742324039047375,0.007432099351213273,0.007396632401314855,0.007106668132487518,0.007373759846315547,0.0072802457477479,0.007396632401314855,0.007742079518958681,0.0076711918816903145,0.007686408726484145,0.007627777163855944,0.008275303361962244,0.007788765425605668,0.008346603767881142,0.0085326965025903,0.008659018545785073,0.008759334951655992,0.007650366829691648,0.008632494122503637,0.008277513055783862,0.008360109599220756,0.008577555726040553,0.009451001949362976,0.00966914734682176,0.009573590609607956,0.010416426879674248,0.04227879080597823,0.04211524634073312,0.03821734424897683,0.03821455930338137,0.03821455930338137,0.03821734424897683,0.03821455930338137,0.03821455930338137,0.038215951725441635,0.038215951725441635,0.038218736873998065,0.03821734424897683,0.038218736873998065,0.03821734424897683,0.038218736873998065,0.03821734424897683,0.03821734424897683,0.038218736873998065,0.03821734424897683,0.03821734424897683,0.03821734424897683,0.03821734424897683,0.03821734424897683,0.03821734424897683,0.03821734424897683,0.03821734424897683,0.03821734424897683,0.03821734424897683,0.03821734424897683,0.03821734424897683,0.038215951725441635,0.038215951725441635,0.04220280285104502,0.043942073449654534,0.04463207707115822,0.0448944463853339,0.04535651515543032,0.046038747649574385,0.04625464416556431,0.046805786168072586,0.047152994490588976,0.047249293009212864,0.04702192586658465,0.04869418526645483,0.04898071528763698,0.04888179355532184,0.05076920371373616,0.05147097494499537,0.0526659107083977,0.05069231785665397,0.0524840648089692,0.05155868991368594,0.049879080710226564,0.050182969208333525,0.05315525508265216,0.0517435275923385,0.05130647462557295,0.05453063498661223,0.0534532510424455,0.055321614905452426,0.0542149347719991,0.05179889650603371,0.04127332812176181,0.04281205754626181,0.043853881857064375,0.04586426694307201,0.04654682341729802,0.0467904733272241,0.046732098163708775,0.04789296735612214,0.04807223762642678,0.04860842825481627,0.04892892172489017,0.04896089892418131,0.04865578291214375,0.05038144155384869,0.05061973598935813,0.05045172320435032,0.05095666530677127,0.051465923571037374,0.05256385181026582,0.05207149520674068,0.05214916748479369,0.0512738677665566,0.05095253946144337,0.0512121121315513,0.0541841255271657,0.052663266262113775,0.05218376292560886,0.05534204853333061,0.05415707962895251,0.05608584819098611,0.05486437958783804,0.05237834880414356,0.044693572099295635,0.044643475728753004,0.04032129389841112,0.041491575933783165,0.04200785251879138,0.042194879567688234,0.042728339186606436,0.04352508845309253,0.04411333953990091,0.044733603022015296,0.04522742804890775,0.04553966638244847,0.04608662530374397,0.04835741880465538,0.0478681946291382,0.04896394655175786,0.048884831342538834,0.04971358417118296,0.051656031149240084,0.05129058405376898,0.051820223807416334,0.051733318580136994,0.049668853010505484,0.04994400268829384,0.05461582283526605,0.05399073697385826,0.052613072191868636,0.05532939736517043,0.05439112464109168,0.056600388000980585,0.05499767823255165,0.05654342856510705,0.039836325496771685,0.039633603765792634,0.05752865340553831,0.04869870717621631,0.05062706628097365,0.04431214062504418,0.04964299279547051,0.04188984822018176,0.046570936301859184,0.050649885215584035,0.04732035205754759,0.049979702475776544,0.04199832044424661,0.04633911384755029,0.04464474260567145,0.051692522784381405,0.05107246087135619,0.04366279740452815,0.05011742488870237,0.049192835892600484,0.046930750531173265,0.0493602975819674,0.04129824737642589,0.04556406640063879,0.05113471095773832,0.05067925408888497,0.042211295385928715,0.04558386940229062,0.05043393231651138,0.04930769857807205,0.05069803537312911,0.04452155942669071,0.0005352045670789724
clustering,0.0,0.0,0.0,0.0,0.0,0.0,0.0,0.0,0.0,0.16666666666666666,0.16666666666666666,0.0,0.16666666666666666,0.16666666666666666,0.16666666666666666,0.16666666666666666,0.16666666666666666,0.16666666666666666,0.16666666666666666,0.16666666666666666,0.16666666666666666,0.16666666666666666,0.16666666666666666,0.16666666666666666,0.16666666666666666,0.16666666666666666,0.16666666666666666,0.16666666666666666,0.16666666666666666,0.16666666666666666,0.16666666666666666,0.16666666666666666,0.16666666666666666,0.16666666666666666,0.16666666666666666,0.16666666666666666,0.16666666666666666,0.16666666666666666,0.16666666666666666,0.16666666666666666,0.16666666666666666,0.16666666666666666,0.16666666666666666,0.16666666666666666,0.16666666666666666,0.16666666666666666,0.16666666666666666,0.16666666666666666,0.16666666666666666,0.16666666666666666,0.16666666666666666,0.16666666666666666,0.0,0.0,0.01818181818181818,0.0,0.0,0.0,0.0,0.0,0.047619047619047616,0.0,0.0,0.0,0.0,0.047619047619047616,0.0,0.0,0.0,0.0,0.0,0.0,0.0,0.0,0.0,0.0,0.0,0.0,0.03571428571428571,0.0,0.0,0.0,0.047619047619047616,0.0,0.0,0.015873015873015872,0.16666666666666666,0.16666666666666666,0.16666666666666666,0.16666666666666666,0.16666666666666666,0.16666666666666666,0.16666666666666666,0.16666666666666666,0.16666666666666666,0.16666666666666666,0.16666666666666666,0.16666666666666666,0.16666666666666666,0.16666666666666666,0.16666666666666666,0.16666666666666666,0.16666666666666666,0.16666666666666666,0.16666666666666666,0.16666666666666666,0.16666666666666666,0.16666666666666666,0.16666666666666666,0.16666666666666666,0.16666666666666666,0.16666666666666666,0.16666666666666666,0.16666666666666666,0.16666666666666666,0.16666666666666666,0.16666666666666666,0.16666666666666666,0.16666666666666666,0.3333333333333333,0.16666666666666666,0.16666666666666666,0.16666666666666666,0.16666666666666666,0.16666666666666666,0.16666666666666666,0.3333333333333333,0.3333333333333333,0.3333333333333333,0.3333333333333333,0.3333333333333333,0.3333333333333333,0.16666666666666666,0.16666666666666666,0.16666666666666666,0.16666666666666666,0.16666666666666666,0.16666666666666666,0.16666666666666666,0.16666666666666666,0.16666666666666666,0.16666666666666666,0.16666666666666666,0.16666666666666666,0.16666666666666666,0.16666666666666666,0.16666666666666666,0.16666666666666666,0.16666666666666666,0.16666666666666666,0.1,0.1,0.06666666666666668,0.06666666666666668,0.1,0.047619047619047616,0.06666666666666668,0.1,0.3333333333333333,0.16666666666666666,0.047619047619047616,0.06666666666666668,0.16666666666666666,0.16666666666666666,0.1,0.16666666666666666,0.16666666666666666,0.16666666666666666,0.1,0.16666666666666666,0.16666666666666666,0.16666666666666666,0.16666666666666666,0.16666666666666666,0.16666666666666666,0.16666666666666666,0.16666666666666666,0.16666666666666666,0.16666666666666666,0.16666666666666666,0.3333333333333333,0.16666666666666666,0.06666666666666668,0.09523809523809523,0.06666666666666668,0.06666666666666668,0.047619047619047616,0.0,0.0,0.0,0.0,0.0,0.0,0.0,0.0,0.0,0.0,0.0,0.0,0.0,0.0,0.0,0.0,0.0,0.0,0.0,0.0,0.0,0.0,0.0,0.0,0.0,0.0,0.0,0.1,0.0,0.0,0.0,0.0,0.0,0.0,0.0,0.0,0.0,0.1,0.0,0.0,0.0,0.0,0.0,0.0,0.0,0.0,0.0,0.0,0.0,0.0,0.0,0.0,0.0,0.0,0.0,0.0,0.0,0.0
degree,4.0,4.0,4.0,4.0,4.0,4.0,4.0,4.0,4.0,4.0,4.0,4.0,4.0,4.0,4.0,4.0,4.0,4.0,4.0,4.0,4.0,4.0,4.0,4.0,4.0,4.0,4.0,4.0,4.0,4.0,4.0,4.0,4.0,4.0,4.0,4.0,4.0,4.0,4.0,4.0,4.0,4.0,4.0,4.0,4.0,4.0,4.0,4.0,4.0,4.0,4.0,4.0,3.0,3.0,11.0,7.0,6.0,8.0,8.0,7.0,7.0,6.0,6.0,7.0,6.0,7.0,6.0,5.0,7.0,6.0,5.0,6.0,5.0,7.0,5.0,5.0,8.0,6.0,8.0,7.0,7.0,8.0,7.0,7.0,6.0,36.0,4.0,4.0,4.0,4.0,4.0,4.0,4.0,4.0,4.0,4.0,4.0,4.0,4.0,4.0,4.0,4.0,4.0,4.0,4.0,4.0,4.0,4.0,4.0,4.0,4.0,4.0,4.0,4.0,4.0,4.0,4.0,4.0,4.0,3.0,4.0,4.0,4.0,4.0,4.0,4.0,3.0,3.0,3.0,3.0,3.0,3.0,4.0,4.0,4.0,4.0,4.0,4.0,4.0,4.0,4.0,4.0,4.0,4.0,4.0,4.0,4.0,4.0,4.0,4.0,5.0,5.0,6.0,6.0,5.0,7.0,6.0,5.0,3.0,4.0,7.0,6.0,4.0,4.0,5.0,4.0,4.0,4.0,5.0,4.0,4.0,4.0,4.0,4.0,4.0,4.0,4.0,4.0,4.0,4.0,3.0,4.0,6.0,7.0,6.0,6.0,7.0,6.0,7.0,6.0,5.0,5.0,6.0,6.0,7.0,4.0,6.0,6.0,5.0,5.0,5.0,5.0,4.0,4.0,4.0,4.0,4.0,4.0,4.0,4.0,4.0,4.0,4.0,4.0,5.0,5.0,5.0,5.0,3.0,5.0,4.0,5.0,4.0,3.0,5.0,4.0,4.0,3.0,5.0,5.0,4.0,5.0,4.0,4.0,5.0,4.0,3.0,4.0,4.0,4.0,5.0,5.0,4.0,5.0,6.0
degree_centrality,0.0009514747859181732,0.0009514747859181732,0.0009514747859181732,0.0009514747859181732,0.0009514747859181732,0.0009514747859181732,0.0009514747859181732,0.0009514747859181732,0.0009514747859181732,0.0009514747859181732,0.0009514747859181732,0.0009514747859181732,0.0009514747859181732,0.0009514747859181732,0.0009514747859181732,0.0009514747859181732,0.0009514747859181732,0.0009514747859181732,0.0009514747859181732,0.0009514747859181732,0.0009514747859181732,0.0009514747859181732,0.0009514747859181732,0.0009514747859181732,0.0009514747859181732,0.0009514747859181732,0.0009514747859181732,0.0009514747859181732,0.0009514747859181732,0.0009514747859181732,0.0009514747859181732,0.0009514747859181732,0.0009514747859181732,0.0009514747859181732,0.0009514747859181732,0.0009514747859181732,0.0009514747859181732,0.0009514747859181732,0.0009514747859181732,0.0009514747859181732,0.0009514747859181732,0.0009514747859181732,0.0009514747859181732,0.0009514747859181732,0.0009514747859181732,0.0009514747859181732,0.0009514747859181732,0.0009514747859181732,0.0009514747859181732,0.0009514747859181732,0.0009514747859181732,0.0009514747859181732,0.0007136060894386299,0.0007136060894386299,0.002616555661274976,0.0016650808753568029,0.0014272121788772598,0.0019029495718363464,0.0019029495718363464,0.0016650808753568029,0.0016650808753568029,0.0014272121788772598,0.0014272121788772598,0.0016650808753568029,0.0014272121788772598,0.0016650808753568029,0.0014272121788772598,0.0011893434823977164,0.0016650808753568029,0.0014272121788772598,0.0011893434823977164,0.0014272121788772598,0.0011893434823977164,0.0016650808753568029,0.0011893434823977164,0.0011893434823977164,0.0019029495718363464,0.0014272121788772598,0.0019029495718363464,0.0016650808753568029,0.0016650808753568029,0.0019029495718363464,0.0016650808753568029,0.0016650808753568029,0.0014272121788772598,0.008563273073263558,0.0009514747859181732,0.0009514747859181732,0.0009514747859181732,0.0009514747859181732,0.0009514747859181732,0.0009514747859181732,0.0009514747859181732,0.0009514747859181732,0.0009514747859181732,0.0009514747859181732,0.0009514747859181732,0.0009514747859181732,0.0009514747859181732,0.0009514747859181732,0.0009514747859181732,0.0009514747859181732,0.0009514747859181732,0.0009514747859181732,0.0009514747859181732,0.0009514747859181732,0.0009514747859181732,0.0009514747859181732,0.0009514747859181732,0.0009514747859181732,0.0009514747859181732,0.0009514747859181732,0.0009514747859181732,0.0009514747859181732,0.0009514747859181732,0.0009514747859181732,0.0009514747859181732,0.0009514747859181732,0.0009514747859181732,0.0007136060894386299,0.0009514747859181732,0.0009514747859181732,0.0009514747859181732,0.0009514747859181732,0.0009514747859181732,0.0009514747859181732,0.0007136060894386299,0.0007136060894386299,0.0007136060894386299,0.0007136060894386299,0.0007136060894386299,0.0007136060894386299,0.0009514747859181732,0.0009514747859181732,0.0009514747859181732,0.0009514747859181732,0.0009514747859181732,0.0009514747859181732,0.0009514747859181732,0.0009514747859181732,0.0009514747859181732,0.0009514747859181732,0.0009514747859181732,0.0009514747859181732,0.0009514747859181732,0.0009514747859181732,0.0009514747859181732,0.0009514747859181732,0.0009514747859181732,0.0009514747859181732,0.0011893434823977164,0.0011893434823977164,0.0014272121788772598,0.0014272121788772598,0.0011893434823977164,0.0016650808753568029,0.0014272121788772598,0.0011893434823977164,0.0007136060894386299,0.0009514747859181732,0.0016650808753568029,0.0014272121788772598,0.0009514747859181732,0.0009514747859181732,0.0011893434823977164,0.0009514747859181732,0.0009514747859181732,0.0009514747859181732,0.0011893434823977164,0.0009514747859181732,0.0009514747859181732,0.0009514747859181732,0.0009514747859181732,0.0009514747859181732,0.0009514747859181732,0.0009514747859181732,0.0009514747859181732,0.0009514747859181732,0.0009514747859181732,0.0009514747859181732,0.0007136060894386299,0.0009514747859181732,0.0014272121788772598,0.0016650808753568029,0.0014272121788772598,0.0014272121788772598,0.0016650808753568029,0.0014272121788772598,0.0016650808753568029,0.0014272121788772598,0.0011893434823977164,0.0011893434823977164,0.0014272121788772598,0.0014272121788772598,0.0016650808753568029,0.0009514747859181732,0.0014272121788772598,0.0014272121788772598,0.0011893434823977164,0.0011893434823977164,0.0011893434823977164,0.0011893434823977164,0.0009514747859181732,0.0009514747859181732,0.0009514747859181732,0.0009514747859181732,0.0009514747859181732,0.0009514747859181732,0.0009514747859181732,0.0009514747859181732,0.0009514747859181732,0.0009514747859181732,0.0009514747859181732,0.0009514747859181732,0.0011893434823977164,0.0011893434823977164,0.0011893434823977164,0.0011893434823977164,0.0007136060894386299,0.0011893434823977164,0.0009514747859181732,0.0011893434823977164,0.0009514747859181732,0.0007136060894386299,0.0011893434823977164,0.0009514747859181732,0.0009514747859181732,0.0007136060894386299,0.0011893434823977164,0.0011893434823977164,0.0009514747859181732,0.0011893434823977164,0.0009514747859181732,0.0009514747859181732,0.0011893434823977164,0.0009514747859181732,0.0007136060894386299,0.0009514747859181732,0.0009514747859181732,0.0009514747859181732,0.0011893434823977164,0.0011893434823977164,0.0009514747859181732,0.0011893434823977164,0.0014272121788772598
has_feedback_path,1.0,1.0,1.0,1.0,1.0,1.0,1.0,1.0,1.0,1.0,1.0,1.0,1.0,1.0,1.0,1.0,1.0,1.0,1.0,1.0,1.0,1.0,1.0,1.0,1.0,1.0,1.0,1.0,1.0,1.0,1.0,1.0,1.0,1.0,1.0,1.0,1.0,1.0,1.0,1.0,1.0,1.0,1.0,1.0,1.0,1.0,1.0,1.0,1.0,1.0,1.0,1.0,0.0,0.0,1.0,1.0,1.0,1.0,1.0,1.0,1.0,1.0,1.0,1.0,1.0,1.0,1.0,1.0,1.0,1.0,1.0,1.0,1.0,1.0,1.0,1.0,1.0,1.0,1.0,1.0,1.0,1.0,1.0,1.0,1.0,1.0,1.0,1.0,1.0,1.0,1.0,1.0,1.0,1.0,1.0,1.0,1.0,1.0,1.0,1.0,1.0,1.0,1.0,1.0,1.0,1.0,1.0,1.0,1.0,1.0,1.0,1.0,1.0,1.0,1.0,1.0,1.0,1.0,1.0,1.0,1.0,1.0,1.0,1.0,1.0,1.0,1.0,1.0,1.0,1.0,1.0,1.0,1.0,1.0,1.0,1.0,1.0,1.0,1.0,1.0,1.0,1.0,1.0,1.0,1.0,1.0,1.0,1.0,1.0,1.0,1.0,1.0,1.0,1.0,1.0,1.0,1.0,1.0,1.0,1.0,1.0,1.0,1.0,1.0,1.0,1.0,1.0,1.0,1.0,1.0,1.0,1.0,1.0,1.0,1.0,1.0,1.0,1.0,1.0,1.0,1.0,1.0,1.0,1.0,1.0,1.0,1.0,1.0,1.0,1.0,1.0,1.0,1.0,1.0,1.0,1.0,1.0,1.0,1.0,1.0,1.0,1.0,1.0,1.0,1.0,1.0,1.0,1.0,1.0,1.0,1.0,1.0,1.0,1.0,1.0,1.0,1.0,1.0,1.0,1.0,1.0,1.0,1.0,1.0,1.0,1.0,1.0,1.0,1.0,1.0,1.0,1.0,1.0,1.0,1.0,1.0,1.0,1.0,1.0,1.0,1.0,1.0,1.0,1.0,1.0
indegree,2.0,2.0,2.0,2.0,2.0,2.0,2.0,2.0,2.0,2.0,2.0,2.0,2.0,2.0,2.0,2.0,2.0,2.0,2.0,2.0,2.0,2.0,2.0,2.0,2.0,2.0,2.0,2.0,2.0,2.0,2.0,2.0,2.0,2.0,2.0,2.0,2.0,2.0,2.0,2.0,2.0,2.0,2.0,2.0,2.0,2.0,2.0,2.0,2.0,2.0,2.0,2.0,2.0,2.0,2.0,2.0,2.0,2.0,2.0,2.0,2.0,2.0,2.0,2.0,2.0,2.0,2.0,2.0,2.0,2.0,2.0,2.0,2.0,2.0,2.0,2.0,2.0,2.0,2.0,2.0,2.0,2.0,2.0,2.0,2.0,2.0,2.0,2.0,2.0,2.0,2.0,2.0,2.0,2.0,2.0,2.0,2.0,2.0,2.0,2.0,2.0,2.0,2.0,2.0,2.0,2.0,2.0,2.0,2.0,2.0,2.0,2.0,2.0,2.0,2.0,2.0,2.0,2.0,2.0,2.0,2.0,2.0,2.0,2.0,2.0,2.0,2.0,2.0,2.0,2.0,2.0,2.0,2.0,2.0,2.0,2.0,2.0,2.0,2.0,2.0,2.0,2.0,2.0,2.0,2.0,2.0,2.0,2.0,2.0,2.0,2.0,2.0,2.0,2.0,2.0,2.0,2.0,2.0,2.0,2.0,2.0,2.0,2.0,2.0,2.0,2.0,2.0,2.0,2.0,2.0,2.0,2.0,2.0,2.0,2.0,2.0,2.0,2.0,2.0,2.0,2.0,2.0,2.0,2.0,2.0,2.0,2.0,2.0,2.0,2.0,2.0,2.0,2.0,2.0,2.0,2.0,2.0,2.0,2.0,2.0,2.0,2.0,2.0,2.0,2.0,2.0,2.0,2.0,2.0,2.0,2.0,2.0,2.0,2.0,2.0,2.0,2.0,2.0,2.0,2.0,2.0,2.0,2.0,2.0,2.0,2.0,2.0,2.0,2.0,2.0,2.0,2.0,2.0,2.0,2.0,2.0,2.0,2.0,2.0,2.0,2.0,2.0,2.0,2.0,2.0
katz,0.01466763526738585,0.01463111896345831,0.014645602007358215,0.014615401909672115,0.014629888103452419,0.01447109265200744,0.014630242293936413,0.01463009823704669,0.01463038278804006,0.01461849812413151,0.014617695470900338,0.014487314948969132,0.014617668808991341,0.014599677683124559,0.01448437593359708,0.014650440247246037,0.014615896535273232,0.014647207231239419,0.014616201566387847,0.014498618277085804,0.0145971129844386,0.014597111733924287,0.01458222884397056,0.014594160071841418,0.014582254172784106,0.014595455368726487,0.01458205342984451,0.014582227782213119,0.014615175307040247,0.014596870195904459,0.014613830355298996,0.014596893389405828,0.014599677175840453,0.014599678367368243,0.014599972509570468,0.014599677034272791,0.01459967558320429,0.014580983945171875,0.014601305628614938,0.01459983008070882,0.014601304271924881,0.014599828759410675,0.014601303870816512,0.014601303882613818,0.014601305168520047,0.014581255601711028,0.014599977676789997,0.014582677483677309,0.014582420314228534,0.014598646893611891,0.01459877819761505,0.0145986457020841,0.014461726677295863,0.01440729621311849,0.014578876038130332,0.014581049160673175,0.014573096243543844,0.014570723333643096,0.014572169211327472,0.014570607330744346,0.01456899082863969,0.014586671225293604,0.014571951444876953,0.014555747127007876,0.014571915569272852,0.014570316137868338,0.014572078324890785,0.014557518032238618,0.01455591141627544,0.014556044949969215,0.014555751775145991,0.014586847158501068,0.014555883692609003,0.014571084095225896,0.014585261931051613,0.014585232119262216,0.014573593806673875,0.014580513315288856,0.014599973241003369,0.014585368743849868,0.014573423925483803,0.014585525895747988,0.014598538912880453,0.014586754290117163,0.014573626732951756,0.014609161595492881,0.014595520407268216,0.01459257949253008,0.01430358283818786,0.01430358283818786,0.01430358283818786,0.01430358283818786,0.01430358283818786,0.01430358283818786,0.01430358283818786,0.01430358283818786,0.01430358283818786,0.01430358283818786,0.01430358283818786,0.01430358283818786,0.01430358283818786,0.01430358283818786,0.01430358283818786,0.01430358283818786,0.01430358283818786,0.01430358283818786,0.01430358283818786,0.01430358283818786,0.01430358283818786,0.01430358283818786,0.01430358283818786,0.01430358283818786,0.01430358283818786,0.01430358283818786,0.01430358283818786,0.01430358283818786,0.01430358283818786,0.01430358283818786,0.014615241253974447,0.014580433282372646,0.014596199967420412,0.014580495524953118,0.01459777785694624,0.01459633337134384,0.014580353862916288,0.014580460309998091,0.014580461454336668,0.014580459743727459,0.014594409301704015,0.014580460144835826,0.014580473806114859,0.014580356552701797,0.014599161527442062,0.014599769772886344,0.01459975031913062,0.014595865879543913,0.014599140138928341,0.014597904406635541,0.014480739355385602,0.014479210872972553,0.014597565399282909,0.014479643197006675,0.014479485679392104,0.014480609006964141,0.014480595404671628,0.014479371257332204,0.014480713389517591,0.014477830411343652,0.014480418138368709,0.01459906244187849,0.014615714231521141,0.014584777392146153,0.014600931146766576,0.014584839634726628,0.014584650700889197,0.014601064550690001,0.014584697972689797,0.014584804419771603,0.014584805564110171,0.014584803853500968,0.01459914048105018,0.014584804254609337,0.014584817915888369,0.014584700662475306,0.014584789000694143,0.01458484970962498,0.014584847774866985,0.014600597058890075,0.014584786900773875,0.014584663382991931,0.014481212332932291,0.01447968385051924,0.014598038376829598,0.014480116174553359,0.014479958656938791,0.014481081984510829,0.014481068382218316,0.014479844234878896,0.014481186367064282,0.014478303388890343,0.014584790321992287,0.014603793621224657,0.014495030858243703,0.014631344964427627,0.014632975599703512,0.014597607716215462,0.014616424582639037,0.014616385380194968,0.014602136854918494,0.014588854304761752,0.014457659285105291,0.014588691041859713,0.014588824669931931,0.014604602078729819,0.014603681015949712,0.014606184687177597,0.014470542968384513,0.014470679109282663,0.01461806958703225,0.014587610255369025,0.014588747550950024,0.01448795360786536,0.01461972792237996,0.014469276728261328,0.014606344493469313,0.014616942519714569,0.014471106360475694,0.014603739141270788,0.014590353978156322,0.01460102401515048,0.014602576233740922,0.014485834151262348,0.014481825450663484,0.014480717483182382,0.014620110202246841,0.014486203135566644,0.014635020686096647,0.01460297950101316,0.01448649871704006,0.014602924207045254,0.014615551251754415,0.014486598604820362,0.01464988934850071,0.014636066623348768,0.01458740462834521,0.014617775999303353,0.014602841496140837,0.014647326301437434,0.014635227410269815,0.014602929551224357,0.014635731025417244,0.014604886098844468,0.014632931784513241,0.014646493588673466,0.014629465736343604,0.01461931172526159,0.01463471814421336,0.014635038877540753,0.014587916997092843,0.014487977379434663,0.014619630335074109,0.014615894022447297,0.014620331649456478,0.01464247153352549,0.014418928166959515
load_centrality,0.0005018842732287866,0.0004742847884996587,0.0006088865134089729,0.00037883735651946616,0.0005076663935770282,0.0004014706318467191,0.0005084304257927013,0.0005668600252987103,0.0005651857571717723,0.0002921715787712687,0.0004194819838939745,0.0002427358646682753,0.0002971802344073476,0.0002276438702846101,0.00029485984027085904,0.0002304264567490984,0.00022388973668167333,0.00022385200669571427,0.00021647579444069787,0.0002134668280604546,0.0004014564831019844,0.0004015413755703925,0.00039489146554508997,0.0004013432931441069,0.0003949197630345594,0.00039489146554508997,0.00039483487056615133,0.0003949197630345594,0.0004078517157220625,0.0003954857128239469,0.0004077951207431238,0.00039565549776076313,0.00040139988812304563,0.00040139988812304563,0.000401428185612515,0.00040165456552827003,0.00040148478059145375,0.0003948631680556207,0.0004015979705493312,0.0004014564831019844,0.0004015979705493312,0.000401428185612515,0.0004015130780809231,0.0004014564831019844,0.0004015413755703925,0.0003952027379292531,0.0004015696730598618,0.0003950329529924369,0.0003949763580134981,0.00040148478059145375,0.0004014564831019844,0.0004015979705493312,2.2524801617620332e-05,2.1506091996722923e-05,0.0010122236004986094,0.0018162720034675414,0.0016089537875460245,0.0018599548772634817,0.00203209027429876,0.0019744921755597013,0.0017229798969352634,0.0018204875433571013,0.00195916279668105,0.0022218434131631905,0.0018232616798768047,0.0017908698973998496,0.001816501724059141,0.001617315368166985,0.0018658645328246703,0.002064275524404673,0.0018616020269630015,0.001984025023331594,0.0018359171425109668,0.0016370727146165706,0.0020571877893339648,0.001600035296611473,0.0019162207159331172,0.0013562472555190747,0.0019151127433082078,0.001814870688207772,0.0016315687219078767,0.0020528644962727006,0.0014617709464158654,0.0018677310863227613,0.0017190962302642096,0.011722630557076822,0.0011458875780485634,0.0008465673460000947,0.0005557131725718999,0.0006257117290226372,0.0006259098114489227,0.0005553453052087982,0.0006257117290226372,0.0006259098114489227,0.0005301959114428935,0.0005301959114428935,0.0005301959114428935,0.0005553453052087982,0.0005301959114428935,0.0005299506665341585,0.0005301959114428935,0.0005553453052087982,0.0005299506665341584,0.0005301959114428935,0.0005299506665341587,0.0005553453052087982,0.0005299506665341587,0.0005299506665341587,0.0005557131725718999,0.0005557131725718999,0.0005299506665341588,0.0005557131725718999,0.0005557131725718999,0.0005557131725718999,0.0005557131725718999,0.0005557131725718999,0.0005301959114428935,0.0005301959114428935,0.0011875821601885913,0.0011522073506967235,0.0014439638395776135,0.0024383101663085468,0.0027714714136853856,0.0018560317447650972,0.0018840495890983739,0.0013111125360119786,0.001106156822026675,0.0011190933053693208,0.001228098859329457,0.0011212756400722332,0.0011393494824087336,0.0012121687483306054,0.003267933041299783,0.003912901277409775,0.00306672522444332,0.001705861345964902,0.0031289341763796863,0.0022931304879365033,0.0024504721714551287,0.003352998610756759,0.0011196852818619856,0.0018312416210347676,0.01121503369359018,0.003214166935199362,0.002906729253880055,0.015106827639429866,0.003018510691118509,0.008430704018596113,0.0012314234213214213,0.0014801259295505232,0.008605162593664374,0.011457128410511112,0.0122679772995559,0.014815770862018006,0.010641173707841074,0.010806432028893238,0.012513683969387158,0.011245628934837631,0.008238197900825589,0.009212951509466764,0.009642005206511664,0.008486401174526866,0.007914889356376102,0.007149753145592808,0.00951978922287285,0.006993688277114174,0.007241126361372414,0.006634657536554418,0.007378763254040917,0.007119578785832401,0.005286114725608854,0.004425762626616493,0.00475880812758144,0.0042002636503557225,0.0009731302257759844,0.004184814056274413,0.0026639158986329968,0.001012812738508534,0.003453704954295573,0.0009730850283969707,0.003967664100348532,0.0054153776138359784,0.003444391051798069,0.005741336395033658,0.005988701901471524,0.004692667149234123,0.004639990058878851,0.0064515006058050856,0.007545539071635328,0.00850505346689417,0.008308840159658291,0.00773169634414419,0.0062849975227331715,0.01087005765664865,0.009084865172335373,0.00802250081137252,0.00801125019299664,0.007727599106210894,0.009304806590442905,0.007809745372590428,0.00892330586373408,0.00877613229134179,0.0046106466431059786,0.003935119039803537,0.01108303134200166,0.006673633507263965,0.0029158544081925486,0.005183627725426586,0.0038468727948657295,0.0035052144093021525,0.005306325476007165,0.004501566229622228,0.002814608480002164,0.004099651844668071,0.3258945396737756,0.007874971473379469,0.012060866309250346,0.0071784137206737575,0.004025434440403644,0.0055211322862657106,0.004640156578195853,0.013193975916841278,0.006737038044506089,0.005019041797265751,0.0032708782700959635,0.005321487902973232,0.005604985138535826,0.0043787289894494,0.009978785310134896,0.011072230369313742,0.004382151413592495,0.005127485964843504,0.006095733625026416,0.007376928338708054,0.004827034924940372,0.006577896801140683,0.006749271026277669,0.007454932464540753,0.006939881048495093,0.0065423461421846105,0.0059408910604372535,0.008805180859720044,0.005693392478286388,0.007628878300453752,7.87320001451179e-05
outdegree,2.0,2.0,2.0,2.0,2.0,2.0,2.0,2.0,2.0,2.0,2.0,2.0,2.0,2.0,2.0,2.0,2.0,2.0,2.0,2.0,2.0,2.0,2.0,2.0,2.0,2.0,2.0,2.0,2.0,2.0,2.0,2.0,2.0,2.0,2.0,2.0,2.0,2.0,2.0,2.0,2.0,2.0,2.0,2.0,2.0,2.0,2.0,2.0,2.0,2.0,2.0,2.0,1.0,1.0,9.0,5.0,4.0,6.0,6.0,5.0,5.0,4.0,4.0,5.0,4.0,5.0,4.0,3.0,5.0,4.0,3.0,4.0,3.0,5.0,3.0,3.0,6.0,4.0,6.0,5.0,5.0,6.0,5.0,5.0,4.0,34.0,2.0,2.0,2.0,2.0,2.0,2.0,2.0,2.0,2.0,2.0,2.0,2.0,2.0,2.0,2.0,2.0,2.0,2.0,2.0,2.0,2.0,2.0,2.0,2.0,2.0,2.0,2.0,2.0,2.0,2.0,2.0,2.0,2.0,1.0,2.0,2.0,2.0,2.0,2.0,2.0,1.0,1.0,1.0,1.0,1.0,1.0,2.0,2.0,2.0,2.0,2.0,2.0,2.0,2.0,2.0,2.0,2.0,2.0,2.0,2.0,2.0,2.0,2.0,2.0,3.0,3.0,4.0,4.0,3.0,5.0,4.0,3.0,1.0,2.0,5.0,4.0,2.0,2.0,3.0,2.0,2.0,2.0,3.0,2.0,2.0,2.0,2.0,2.0,2.0,2.0,2.0,2.0,2.0,2.0,1.0,2.0,4.0,5.0,4.0,4.0,5.0,4.0,5.0,4.0,3.0,3.0,4.0,4.0,5.0,2.0,4.0,4.0,3.0,3.0,3.0,3.0,2.0,2.0,2.0,2.0,2.0,2.0,2.0,2.0,2.0,2.0,2.0,2.0,3.0,3.0,3.0,3.0,1.0,3.0,2.0,3.0,2.0,1.0,3.0,2.0,2.0,1.0,3.0,3.0,2.0,3.0,2.0,2.0,3.0,2.0,1.0,2.0,2.0,2.0,3.0,3.0,2.0,3.0,4.0
pagerank,0.002050482631306049,0.000868894395154736,0.0011381509806665856,0.0008583908082018482,0.0007824487564441802,0.0008667840444172008,0.0009499715720635293,0.000984170322650483,0.000870212415627256,0.0008900456281188205,0.0008363734187717607,0.0007434775671902903,0.0009981475628419896,0.0008744673953342583,0.0007809257483741745,0.0009353867302492248,0.0008010454525944271,0.0009567537447981568,0.0008304353825254897,0.0004747333764958877,0.00018928741525342527,0.00021173678230407462,0.00018993693329298798,0.00015538667130169019,0.00015653093917090093,0.0001777230921091581,0.00015777760963790125,0.00015691665235728841,0.00021914545690237232,0.0001707671054911612,0.00021275436355874548,0.00016754093272661885,0.00015803467885434262,0.00016174795722017631,0.00016547318598865082,0.00016413723312924737,0.00016292390647853542,0.00015805052683996536,0.00017505452391502625,0.00017098621921758013,0.00016430872128853332,0.00016743503590509992,0.00016495990184207902,0.00016128159385792702,0.0001597517918526939,0.00016292296737530497,0.0001690867211189249,0.0001561712596888748,0.0001567767611816065,0.00016880718453617962,0.00016434302004036196,0.000178811426474296,0.00010653407778145896,5.4381949707837376e-05,0.00012736997134301699,0.00022604870472483246,0.00023765023454194257,0.00021894322314463264,0.00024329954498735694,0.0002453521135548593,0.00022154677890902266,0.0002762969966707098,0.00023260812497554064,0.0002593854894991105,0.00023884903406711948,0.00022924103273363862,0.0002658046716678062,0.00025639442728738046,0.00024015828114036874,0.00027160983270072843,0.00022786475480935387,0.0003000567772583881,0.0002261357950984232,0.0002843984109249357,0.00029962227308159665,0.0002314750574406648,0.0002721651602006123,0.00011617457689782285,0.00029491990474367715,0.00025726891131920093,0.00024371215435710483,0.00025619523138243347,0.0002623141021618248,0.0003131586564845037,0.00022994366443175254,0.00018093408933949592,0.0003992297967160104,0.00034538918694836817,0.00014459148243670583,0.00014459148243670578,0.00014459148243670583,0.00014459148243670583,0.00014459148243670583,0.0001445914824367058,0.00014459148243670583,0.00014459148243670578,0.0001445914824367058,0.00014459148243670583,0.00014459148243670583,0.00014459148243670583,0.00014459148243670583,0.00014459148243670583,0.00014459148243670583,0.00014459148243670583,0.00014459148243670583,0.00014459148243670578,0.00014459148243670583,0.00014459148243670583,0.00014459148243670583,0.00014459148243670583,0.00014459148243670583,0.00014459148243670583,0.00014459148243670583,0.00014459148243670583,0.0001445914824367058,0.00014459148243670583,0.00014459148243670578,0.0001445914824367058,0.0002798448789238017,0.00033205974880111557,0.0002535839922168813,0.0003095603688888632,0.0004102518645212114,0.00026423449991140965,0.00030786152629738364,0.0003013715556903537,0.00038601914087039134,0.0003550900687005955,0.00032038295996951623,0.0003826434094637894,0.0004152228694259348,0.0003979122079794088,0.0004644833494153914,0.0005165445278489791,0.0005047705895028353,0.0003884884415445602,0.00046997904986860467,0.0004500480442069095,0.0004386367133203897,0.0004399201332838193,0.0004027027568194121,0.0004594172633831131,0.0004335420485414133,0.00042006138122359485,0.0004058249094526526,0.0004008523763136421,0.0004234603703010063,0.0006441159189867369,0.000304569041896252,0.00038157971864531166,0.0002441372927904584,0.00025917664581907927,0.00022519728514207763,0.0002872680035215451,0.0002403331832207895,0.0002421629896361689,0.0002731053033173576,0.0002724116494321281,0.0003109845756680709,0.0002718507577925688,0.00023965670358551142,0.00028978677528221,0.000306294702600353,0.00030509610077474346,0.00026268282631479966,0.00030772894994276687,0.000300429291960113,0.0002821306951443061,0.0002779103460581866,0.00027490935142427986,0.0004410916760677431,0.00044237509603117277,0.0004034213448442834,0.0004618722261304665,0.00043599701128876667,0.00042251634397094814,0.00040827987220000585,0.00040330733906099553,0.00042591533304835963,0.0006465708817340902,0.00030153608987089304,0.0005394461494909285,0.0005007979184980313,0.0004443264432666123,0.0004943564367542718,0.0004484710958795841,0.0004515891141295917,0.0005206851391725642,0.0004254550413817649,0.00044219080186892615,0.0005314959472173993,0.0005175634515434032,0.0005182365167380538,0.0005738279707023607,0.0004895142369657638,0.0005298519539894348,0.0005294133688027445,0.0004892204420183499,0.0004983539346454876,0.0006307786325914289,0.00048050594832059766,0.0005428291156317171,0.000577812674163789,0.0005573543942413142,0.000671207457030224,0.0006051921138848772,0.0005297357037734607,0.0005011078216530084,0.0004903645367838694,0.00048086774326123213,0.0006091377375113473,0.000976855728895868,0.00032888270635887044,0.000330692528666294,0.006389405565248143,0.0005180348138402941,0.0007563301476860777,0.00043881693347376304,0.00046778478647027265,0.0004342699281326891,0.0006870514343346753,0.0005514893032873382,0.000608584305208195,0.0005293313532028861,0.00032626233143411335,0.0006209083573972452,0.0007195220561701463,0.0005825565081083574,0.0006989943010941608,0.0004336688271492525,0.000460299230819204,0.0007044520653585696,0.00045302283144311485,0.0008645913634364353,0.0007374933210421077,0.0006717884011832238,0.000901232083405394,0.0004954193813203477,0.0005969195186242062,0.00047660291619780373,0.0006736859787056336,0.0006359457558920679,0.0007477085161469648,0.0008414409687981085,4.0228755003339865e-05
xx_good_SN,0.0,0.0,0.0,0.0,0.0,0.0,0.0,0.0,0.0,0.0,0.0,0.0,0.0,0.0,0.0,0.0,0.0,0.0,0.0,0.0,0.0,0.0,0.0,0.0,0.0,0.0,0.0,0.0,0.0,0.0,0.0,0.0,0.0,0.0,0.0,0.0,0.0,0.0,0.0,0.0,0.0,0.0,0.0,0.0,0.0,0.0,0.0,0.0,0.0,0.0,0.0,0.0,0.0,0.0,0.0,0.0,0.0,0.0,0.0,0.0,0.0,0.0,0.0,0.0,0.0,0.0,0.0,0.0,0.0,0.0,0.0,0.0,0.0,0.0,0.0,0.0,0.0,0.0,0.0,0.0,0.0,0.0,0.0,0.0,0.0,0.0,0.0,0.0,0.0,0.0,0.0,0.0,0.0,0.0,0.0,0.0,0.0,0.0,0.0,0.0,0.0,0.0,0.0,0.0,0.0,0.0,0.0,0.0,0.0,0.0,0.0,0.0,0.0,0.0,0.0,0.0,0.0,0.0,0.0,0.0,0.0,0.0,0.0,0.0,0.0,0.0,0.0,0.0,0.0,0.0,0.0,0.0,0.0,0.0,0.0,0.0,0.0,0.0,0.0,0.0,0.0,0.0,0.0,0.0,0.0,0.0,0.0,0.0,0.0,0.0,0.0,0.0,0.0,0.0,0.0,0.0,0.0,0.0,0.0,0.0,0.0,0.0,0.0,0.0,0.0,0.0,0.0,0.0,0.0,0.0,0.0,0.0,0.0,0.0,0.0,0.0,0.0,0.0,0.0,0.0,0.0,0.0,0.0,0.0,0.0,0.0,0.0,0.0,0.0,0.0,0.0,0.0,0.0,0.0,0.0,0.0,0.0,0.0,0.0,0.0,0.0,0.0,0.0,0.0,0.0,0.0,0.0,0.0,0.0,0.0,0.0,0.0,0.0,0.0,0.0,0.0,0.0,0.0,0.0,0.0,0.0,0.0,0.0,0.0,0.0,0.0,0.0,0.0,0.0,0.0,0.0,0.0,0.0,0.0,0.0,0.0,0.0,0.0,0.0,0.0,0.0,0.0,0.0,0.0,0.0
xx_state_ff,0.0,0.0,0.0,0.0,0.0,0.0,0.0,0.0,0.0,0.0,0.0,0.0,0.0,0.0,0.0,0.0,0.0,0.0,0.0,0.0,0.0,0.0,0.0,0.0,0.0,0.0,0.0,0.0,0.0,0.0,0.0,0.0,0.0,0.0,0.0,0.0,0.0,0.0,0.0,0.0,0.0,0.0,0.0,0.0,0.0,0.0,0.0,0.0,0.0,0.0,0.0,0.0,0.0,0.0,0.0,0.0,0.0,0.0,0.0,0.0,0.0,0.0,0.0,0.0,0.0,0.0,0.0,0.0,0.0,0.0,0.0,0.0,0.0,0.0,0.0,0.0,0.0,0.0,0.0,0.0,0.0,0.0,0.0,0.0,0.0,0.0,0.0,0.0,0.0,0.0,0.0,0.0,0.0,0.0,0.0,0.0,0.0,0.0,0.0,0.0,0.0,0.0,0.0,0.0,0.0,0.0,0.0,0.0,0.0,0.0,0.0,0.0,0.0,0.0,0.0,0.0,0.0,0.0,0.0,0.0,0.0,0.0,0.0,0.0,0.0,0.0,0.0,0.0,0.0,0.0,0.0,0.0,0.0,0.0,0.0,0.0,0.0,0.0,0.0,0.0,0.0,0.0,0.0,0.0,0.0,0.0,0.0,0.0,0.0,0.0,0.0,0.0,0.0,0.0,0.0,0.0,0.0,0.0,0.0,0.0,0.0,0.0,0.0,0.0,0.0,0.0,0.0,0.0,0.0,0.0,0.0,0.0,0.0,0.0,0.0,0.0,0.0,0.0,0.0,0.0,0.0,0.0,0.0,0.0,0.0,0.0,0.0,0.0,0.0,0.0,0.0,0.0,0.0,0.0,0.0,0.0,0.0,0.0,0.0,0.0,0.0,0.0,0.0,0.0,0.0,0.0,0.0,0.0,0.0,0.0,0.0,0.0,0.0,0.0,0.0,0.0,0.0,0.0,0.0,0.0,0.0,0.0,0.0,0.0,0.0,0.0,0.0,0.0,0.0,0.0,0.0,0.0,0.0,0.0,0.0,0.0,0.0,0.0,0.0,0.0,0.0,0.0,0.0,0.0,1.0
similarity_score,0.0,0.0,0.02857142857142857,0.02857142857142857,0.02857142857142857,0.02857142857142857,0.02857142857142857,0.02857142857142857,0.02857142857142857,0.02857142857142857,0.02857142857142857,0.02857142857142857,0.02857142857142857,0.02857142857142857,0.02857142857142857,0.02857142857142857,0.08571428571428572,0.08571428571428572,0.14285714285714285,0.14285714285714285,0.14285714285714285,0.14285714285714285,0.14285714285714285,0.14285714285714285,0.08571428571428572,0.08571428571428572,0.08571428571428572,0.08571428571428572,0.08571428571428572,0.08571428571428572,0.08571428571428572,0.08571428571428572,0.14285714285714285,0.14285714285714285,0.14285714285714285,0.14285714285714285,0.14285714285714285,0.14285714285714285,0.14285714285714285,0.16326530612244897,0.07755102040816327,0.08163265306122448,0.07755102040816327,0.08571428571428572,0.08571428571428572,0.08163265306122448,0.08571428571428572,0.08163265306122448,0.08163265306122448,0.08163265306122448,0.08163265306122448,0.1836734693877551,0.1836734693877551,0.1836734693877551,0.1836734693877551,0.1836734693877551,0.1836734693877551,0.1836734693877551,0.1836734693877551,0.1836734693877551,0.1836734693877551,0.1836734693877551,0.1836734693877551,0.1836734693877551,0.1836734693877551,0.02040816326530612,0.12653061224489795,0.2163265306122449,0.19591836734693877,0.21224489795918366,0.20816326530612245,0.04897959183673469,0.08163265306122448,0.08163265306122448,0.07755102040816327,0.12244897959183673,0.12244897959183673,0.10204081632653061,0.12653061224489795,0.12653061224489795,0.11836734693877551,0.12653061224489795,0.12653061224489795,0.10204081632653061,0.12653061224489795,0.12653061224489795,0.07346938775510205,0.1510204081632653,0.1306122448979592,0.1510204081632653,0.13877551020408163,0.11020408163265306,0.13877551020408163,0.1306122448979592,0.1510204081632653,0.1346938775510204,0.11836734693877551,0.1346938775510204,0.12653061224489795,0.2979591836734694,0.2979591836734694,0.2979591836734694,0.2979591836734694,0.2979591836734694,0.2979591836734694,0.2979591836734694,0.2979591836734694,0.2979591836734694,0.2979591836734694,0.2979591836734694,0.2979591836734694,0.2979591836734694,0.2979591836734694,0.2979591836734694,0.2979591836734694,0.2979591836734694,0.2979591836734694,0.2979591836734694,0.2979591836734694,0.2979591836734694,0.2979591836734694,0.2979591836734694,0.2979591836734694,0.2979591836734694,0.2979591836734694,0.2979591836734694,0.2979591836734694,0.2979591836734694,0.2979591836734694,0.2979591836734694,0.2979591836734694,0.12244897959183673,0.12244897959183673,0.12244897959183673,0.17142857142857143,0.17142857142857143,0.17142857142857143,0.17142857142857143,0.17142857142857143,0.17142857142857143,0.17142857142857143,0.17142857142857143,0.12244897959183673,0.12244897959183673,0.12244897959183673,0.12244897959183673,0.12244897959183673,0.12244897959183673,0.12244897959183673,0.12244897959183673,0.12244897959183673,0.12244897959183673,0.12244897959183673,0.12244897959183673,0.12244897959183673,0.12244897959183673,0.12244897959183673,0.12244897959183673,0.12244897959183673,0.12244897959183673,0.12244897959183673,0.12244897959183673,0.2979591836734694,0.2979591836734694,0.2979591836734694,0.2979591836734694,0.2979591836734694,0.2979591836734694,0.2979591836734694,0.2979591836734694,0.2979591836734694,0.2979591836734694,0.2979591836734694,0.2979591836734694,0.2979591836734694,0.2979591836734694,0.2979591836734694,0.2979591836734694,0.2979591836734694,0.2979591836734694,0.2979591836734694,0.2979591836734694,0.2979591836734694,0.2979591836734694,0.2979591836734694,0.2979591836734694,0.2979591836734694,0.2979591836734694,0.2979591836734694,0.2979591836734694,0.2979591836734694,0.2979591836734694,0.2979591836734694,0.2979591836734694,0.2979591836734694,0.0,0.004081632653061225,0.004081632653061225,0.12244897959183673,0.12244897959183673,0.12244897959183673,0.12244897959183673,0.12244897959183673,0.12244897959183673,0.12244897959183673,0.12244897959183673,0.12244897959183673,0.12244897959183673,0.12244897959183673,0.12244897959183673,0.12244897959183673,0.12244897959183673,0.12244897959183673,0.12244897959183673,0.12244897959183673,0.12244897959183673,0.12244897959183673,0.12244897959183673,0.12244897959183673,0.12244897959183673,0.12244897959183673,0.12244897959183673,0.12244897959183673,0.12244897959183673,0.12244897959183673,0.12244897959183673,0.12244897959183673,0.12244897959183673,0.12244897959183673,0.0,0.004081632653061225,0.004081632653061225,0.3020408163265306,0.004081632653061225,0.2979591836734694,0.0,0.004081632653061225,0.004081632653061225,0.2979591836734694,0.2979591836734694,0.2979591836734694,0.2979591836734694,0.2979591836734694,0.2979591836734694,0.2979591836734694
