,DFFPOSX1_100_cpu8080,DFFPOSX1_101_cpu8080,DFFPOSX1_102_cpu8080,DFFPOSX1_103_cpu8080,DFFPOSX1_104_cpu8080,DFFPOSX1_105_cpu8080,DFFPOSX1_106_cpu8080,DFFPOSX1_107_cpu8080,DFFPOSX1_108_cpu8080,DFFPOSX1_109_cpu8080,DFFPOSX1_10_cpu8080,DFFPOSX1_110_cpu8080,DFFPOSX1_111_cpu8080,DFFPOSX1_112_cpu8080,DFFPOSX1_113_cpu8080,DFFPOSX1_114_cpu8080,DFFPOSX1_115_cpu8080,DFFPOSX1_116_cpu8080,DFFPOSX1_117_cpu8080,DFFPOSX1_118_cpu8080,DFFPOSX1_119_cpu8080,DFFPOSX1_11_cpu8080,DFFPOSX1_120_cpu8080,DFFPOSX1_121_cpu8080,DFFPOSX1_122_cpu8080,DFFPOSX1_123_cpu8080,DFFPOSX1_124_cpu8080,DFFPOSX1_125_cpu8080,DFFPOSX1_126_cpu8080,DFFPOSX1_127_cpu8080,DFFPOSX1_128_cpu8080,DFFPOSX1_129_cpu8080,DFFPOSX1_12_cpu8080,DFFPOSX1_130_cpu8080,DFFPOSX1_131_cpu8080,DFFPOSX1_132_cpu8080,DFFPOSX1_133_cpu8080,DFFPOSX1_134_cpu8080,DFFPOSX1_135_cpu8080,DFFPOSX1_136_cpu8080,DFFPOSX1_137_cpu8080,DFFPOSX1_138_cpu8080,DFFPOSX1_139_cpu8080,DFFPOSX1_13_cpu8080,DFFPOSX1_140_cpu8080,DFFPOSX1_141_cpu8080,DFFPOSX1_142_cpu8080,DFFPOSX1_143_cpu8080,DFFPOSX1_144_cpu8080,DFFPOSX1_145_cpu8080,DFFPOSX1_146_cpu8080,DFFPOSX1_147_cpu8080,DFFPOSX1_148_cpu8080,DFFPOSX1_149_cpu8080,DFFPOSX1_14_cpu8080,DFFPOSX1_150_cpu8080,DFFPOSX1_151_cpu8080,DFFPOSX1_152_cpu8080,DFFPOSX1_153_cpu8080,DFFPOSX1_154_cpu8080,DFFPOSX1_155_cpu8080,DFFPOSX1_156_cpu8080,DFFPOSX1_157_cpu8080,DFFPOSX1_158_cpu8080,DFFPOSX1_159_cpu8080,DFFPOSX1_15_cpu8080,DFFPOSX1_160_cpu8080,DFFPOSX1_161_cpu8080,DFFPOSX1_162_cpu8080,DFFPOSX1_163_cpu8080,DFFPOSX1_164_cpu8080,DFFPOSX1_165_cpu8080,DFFPOSX1_166_cpu8080,DFFPOSX1_167_cpu8080,DFFPOSX1_168_cpu8080,DFFPOSX1_169_cpu8080,DFFPOSX1_16_cpu8080,DFFPOSX1_170_cpu8080,DFFPOSX1_171_cpu8080,DFFPOSX1_172_cpu8080,DFFPOSX1_173_cpu8080,DFFPOSX1_174_cpu8080,DFFPOSX1_175_cpu8080,DFFPOSX1_176_cpu8080,DFFPOSX1_177_cpu8080,DFFPOSX1_178_cpu8080,DFFPOSX1_179_cpu8080,DFFPOSX1_17_cpu8080,DFFPOSX1_180_cpu8080,DFFPOSX1_181_cpu8080,DFFPOSX1_182_cpu8080,DFFPOSX1_183_cpu8080,DFFPOSX1_184_cpu8080,DFFPOSX1_185_cpu8080,DFFPOSX1_186_cpu8080,DFFPOSX1_187_cpu8080,DFFPOSX1_188_cpu8080,DFFPOSX1_189_cpu8080,DFFPOSX1_18_cpu8080,DFFPOSX1_190_cpu8080,DFFPOSX1_191_cpu8080,DFFPOSX1_192_cpu8080,DFFPOSX1_193_cpu8080,DFFPOSX1_194_cpu8080,DFFPOSX1_195_cpu8080,DFFPOSX1_196_cpu8080,DFFPOSX1_197_cpu8080,DFFPOSX1_198_cpu8080,DFFPOSX1_199_cpu8080,DFFPOSX1_19_cpu8080,DFFPOSX1_1_cpu8080,DFFPOSX1_200_cpu8080,DFFPOSX1_201_cpu8080,DFFPOSX1_202_cpu8080,DFFPOSX1_203_cpu8080,DFFPOSX1_204_cpu8080,DFFPOSX1_205_cpu8080,DFFPOSX1_206_cpu8080,DFFPOSX1_207_cpu8080,DFFPOSX1_208_cpu8080,DFFPOSX1_209_cpu8080,DFFPOSX1_20_cpu8080,DFFPOSX1_210_cpu8080,DFFPOSX1_211_cpu8080,DFFPOSX1_212_cpu8080,DFFPOSX1_213_cpu8080,DFFPOSX1_214_cpu8080,DFFPOSX1_215_cpu8080,DFFPOSX1_216_cpu8080,DFFPOSX1_217_cpu8080,DFFPOSX1_218_cpu8080,DFFPOSX1_219_cpu8080,DFFPOSX1_21_cpu8080,DFFPOSX1_220_cpu8080,DFFPOSX1_221_cpu8080,DFFPOSX1_222_cpu8080,DFFPOSX1_223_cpu8080,DFFPOSX1_224_cpu8080,DFFPOSX1_225_cpu8080,DFFPOSX1_226_cpu8080,DFFPOSX1_227_cpu8080,DFFPOSX1_228_cpu8080,DFFPOSX1_229_cpu8080,DFFPOSX1_22_cpu8080,DFFPOSX1_230_cpu8080,DFFPOSX1_231_cpu8080,DFFPOSX1_232_cpu8080,DFFPOSX1_233_cpu8080,DFFPOSX1_234_cpu8080,DFFPOSX1_235_cpu8080,DFFPOSX1_236_cpu8080,DFFPOSX1_237_cpu8080,DFFPOSX1_238_cpu8080,DFFPOSX1_239_cpu8080,DFFPOSX1_23_cpu8080,DFFPOSX1_240_cpu8080,DFFPOSX1_241_cpu8080,DFFPOSX1_242_cpu8080,DFFPOSX1_24_cpu8080,DFFPOSX1_25_cpu8080,DFFPOSX1_26_cpu8080,DFFPOSX1_27_cpu8080,DFFPOSX1_28_cpu8080,DFFPOSX1_29_cpu8080,DFFPOSX1_2_cpu8080,DFFPOSX1_30_cpu8080,DFFPOSX1_31_cpu8080,DFFPOSX1_32_cpu8080,DFFPOSX1_33_cpu8080,DFFPOSX1_34_cpu8080,DFFPOSX1_35_cpu8080,DFFPOSX1_36_cpu8080,DFFPOSX1_37_cpu8080,DFFPOSX1_38_cpu8080,DFFPOSX1_39_cpu8080,DFFPOSX1_3_cpu8080,DFFPOSX1_40_cpu8080,DFFPOSX1_41_cpu8080,DFFPOSX1_42_cpu8080,DFFPOSX1_43_cpu8080,DFFPOSX1_44_cpu8080,DFFPOSX1_45_cpu8080,DFFPOSX1_46_cpu8080,DFFPOSX1_47_cpu8080,DFFPOSX1_48_cpu8080,DFFPOSX1_49_cpu8080,DFFPOSX1_4_cpu8080,DFFPOSX1_50_cpu8080,DFFPOSX1_51_cpu8080,DFFPOSX1_52_cpu8080,DFFPOSX1_53_cpu8080,DFFPOSX1_54_cpu8080,DFFPOSX1_55_cpu8080,DFFPOSX1_56_cpu8080,DFFPOSX1_57_cpu8080,DFFPOSX1_58_cpu8080,DFFPOSX1_59_cpu8080,DFFPOSX1_5_cpu8080,DFFPOSX1_60_cpu8080,DFFPOSX1_61_cpu8080,DFFPOSX1_62_cpu8080,DFFPOSX1_63_cpu8080,DFFPOSX1_64_cpu8080,DFFPOSX1_65_cpu8080,DFFPOSX1_66_cpu8080,DFFPOSX1_67_cpu8080,DFFPOSX1_68_cpu8080,DFFPOSX1_69_cpu8080,DFFPOSX1_6_cpu8080,DFFPOSX1_70_cpu8080,DFFPOSX1_71_cpu8080,DFFPOSX1_72_cpu8080,DFFPOSX1_73_cpu8080,DFFPOSX1_74_cpu8080,DFFPOSX1_75_cpu8080,DFFPOSX1_76_cpu8080,DFFPOSX1_77_cpu8080,DFFPOSX1_78_cpu8080,DFFPOSX1_79_cpu8080,DFFPOSX1_7_cpu8080,DFFPOSX1_80_cpu8080,DFFPOSX1_81_cpu8080,DFFPOSX1_82_cpu8080,DFFPOSX1_83_cpu8080,DFFPOSX1_84_cpu8080,DFFPOSX1_85_cpu8080,DFFPOSX1_86_cpu8080,DFFPOSX1_87_cpu8080,DFFPOSX1_88_cpu8080,DFFPOSX1_89_cpu8080,DFFPOSX1_8_cpu8080,DFFPOSX1_90_cpu8080,DFFPOSX1_91_cpu8080,DFFPOSX1_92_cpu8080,DFFPOSX1_93_cpu8080,DFFPOSX1_94_cpu8080,DFFPOSX1_95_cpu8080,DFFPOSX1_96_cpu8080,DFFPOSX1_97_cpu8080,DFFPOSX1_98_cpu8080,DFFPOSX1_99_cpu8080,DFFPOSX1_9_cpu8080
average_neighbour_degree,1.2222222222222223,1.1111111111111112,1.1428571428571428,1.0,1.0,1.0,1.0,1.0,1.0,1.0,0.5,1.0,1.0,1.0,1.0,1.0,1.0,1.0,1.0,1.0,1.0,0.5,1.0,1.0,1.0588235294117647,1.0625,1.0,1.0,1.0,1.0,1.0,1.0,0.5,1.0,1.0,1.0,1.0,1.0,6.25,5.0,2.0,1.9,1.8333333333333333,0.5,1.4,1.5,1.4545454545454546,1.0,3.5,4.666666666666667,15.555555555555555,4.578947368421052,3.230769230769231,5.0,0.5,3.8,2.838235294117647,1.3636363636363635,1.2,1.0,1.25,1.0,1.6666666666666667,1.8888888888888888,1.5714285714285714,0.5,1.5555555555555556,1.75,1.4285714285714286,1.5,1.25,1.25,1.375,2.0,1.8333333333333333,1.6666666666666667,0.5,1.5714285714285714,1.8,1.6,1.6,1.5,2.0,1.8,3.2222222222222223,3.6,1.4285714285714286,0.5,1.3846153846153846,1.3571428571428572,1.2857142857142858,1.4615384615384615,1.2857142857142858,1.3571428571428572,1.3636363636363635,1.4545454545454546,1.4444444444444444,1.3571428571428572,0.5,1.4166666666666667,1.3333333333333333,1.5,1.2,1.3076923076923077,1.4,1.2857142857142858,1.4666666666666666,1.3125,1.4375,0.5,3.6666666666666665,1.3125,1.125,1.2142857142857142,1.6363636363636365,1.5,1.3846153846153846,1.5833333333333333,1.3571428571428572,2.5,1.5,0.5,1.4,1.5454545454545454,1.3636363636363635,1.5217391304347827,1.391304347826087,1.6363636363636365,1.4166666666666667,1.4545454545454546,1.5238095238095237,1.5217391304347827,0.5,1.5217391304347827,1.5217391304347827,1.7619047619047619,1.48,1.434782608695652,1.4583333333333333,1.434782608695652,1.0,1.0,1.0,0.5,1.0,1.0,1.0,1.0,1.0,1.1176470588235294,1.1176470588235294,1.1333333333333333,1.1666666666666667,1.1578947368421053,0.5,1.2777777777777777,1.2222222222222223,1.2105263157894737,0.5,0.5,0.5,0.6666666666666666,1.9375,1.6666666666666667,3.6666666666666665,2.0,1.3,2.142857142857143,1.3,2.142857142857143,1.5,1.5454545454545454,1.6363636363636365,1.4545454545454546,1.5,3.0,1.5454545454545454,1.4545454545454546,1.3,1.25,1.8823529411764706,2.0,1.7,1.5833333333333333,1.6153846153846154,1.5,3.0,1.5,1.3571428571428572,1.4,1.4285714285714286,1.5,1.4285714285714286,1.5,1.3846153846153846,1.3571428571428572,1.25,7.0,1.8,1.8,4.714285714285714,1.0,1.0,1.0,1.0,1.0,1.0,1.0,3.6666666666666665,1.0,1.2,1.25,1.3333333333333333,1.5,1.1,1.0,1.2857142857142858,1.3333333333333333,1.2222222222222223,0.5,1.2222222222222223,1.2857142857142858,1.2857142857142858,1.2222222222222223,1.3333333333333333,1.1111111111111112,1.2,1.2222222222222223,1.25,1.25,0.5,1.25,1.25,1.2222222222222223,1.2222222222222223,1.2222222222222223,1.2222222222222223,1.2222222222222223,1.2222222222222223,1.2222222222222223,1.2222222222222223,0.5
betweenness_centrality,0.0013462607298308255,0.0012421118365983528,0.0010282788573735078,0.024432375393353165,0.021136667545987215,0.02925010934936179,0.03626805601767089,0.03527464447268448,0.024776683316583767,0.04490148559974404,0.0001429469334295558,0.033473770301497015,0.0052713026913428504,0.008610717108070568,0.008380392552922953,0.00877161494899933,0.008896835800839359,0.007824447950044172,0.014198428036859386,0.00853390439304152,0.0024871540675659256,0.00014512996491656275,0.0029666821838340673,0.0034143146084537643,0.0028562734396579276,0.0031727933677033805,0.004767933657326389,0.004245839082270758,0.003729561758257546,0.0010154653092781555,0.000936364042271112,0.0010195645797042622,0.0001536090068590027,0.0009676212931773318,0.0009906810397364069,0.0010342668388115383,0.0011143880027732656,0.0010826978457275243,0.006683305557387985,0.007006853427568221,0.006987002227463019,0.00644539050577882,0.005630256694031603,0.0001535242185836344,0.005207833970734162,0.0066872019580257475,0.005273674065387095,0.000663729924228129,0.0288002918119275,0.03904011625116483,0.04919172593448158,0.0465324478714988,0.039427335936019055,0.05609969263077522,0.00015782480551582522,0.06296375180434023,0.06562653790029134,0.06848398223596905,0.0031222604087070703,0.0036881512296461846,0.022067986158443992,0.006039743605393873,0.003879568511827042,0.002101959403660919,0.006785613612861565,0.00016679899591938175,0.00812176820098909,0.009420117503597298,0.005337628176627255,0.008639720195544638,0.007093159754833187,0.008369285704265997,0.006013733768909602,0.005252417188842501,0.005199068388146531,0.004232670698917843,0.00016499950315037413,0.006426413624531125,0.004404163509113815,0.004032324600436794,0.003825852520690334,0.0035263111367024686,0.006138976164550169,0.0037990049134905947,0.006648460561918426,0.005406131298365933,0.008031334642646425,0.00017880750298739748,0.008521838759409572,0.007507858711797688,0.00740126330602115,0.007933897688326653,0.006631651877745887,0.007271395102187152,0.006007755303464687,0.007906026736443113,0.0070105467315400615,0.006477268940183072,0.00017471475059497327,0.008033692613163125,0.007329069346978725,0.01081688114980999,0.008227758905156502,0.0073030540906909355,0.00971969949351375,0.007184930329192692,0.007785001346974154,0.007211369272899539,0.0072386392470109645,0.0001790268645751424,0.008956835637941744,0.007447895510899597,0.006749887313628333,0.0075562565350158605,0.006697790847890835,0.0071694878818186845,0.007356697015524028,0.0077704551290029445,0.010561763368381155,0.007818090865247531,0.008113849785993651,0.0001937356170424846,0.008437599956692333,0.019730168238625244,0.01909452799492454,0.01938818256876222,0.018756556772834627,0.018263401399506766,0.018209353480249105,0.016697874076492297,0.017593855864375892,0.012309517352045413,0.00018769955854753236,0.013502127161621167,0.017080681838525614,0.016962092529490085,0.017809916028516865,0.01804695322407251,0.019276937040658828,0.020513609675480684,0.0008208176772180771,0.0007868729435725441,0.0008515566694758501,0.00019088350983783496,0.0008478648623055216,0.000810599533563988,0.0007980827065068481,0.0010068755030595959,0.0008733321675016705,0.00842353978545948,0.023669452461615656,0.021094378461821585,0.010876482914964992,0.009767573950769786,9.489812807615293e-05,0.04049848656112233,0.022326696432656088,0.037306177008061596,0.00018937178812586662,0.00018853866232920833,0.00018773436699977405,0.00013550939143545322,0.009641826988308606,0.005582962350339061,0.009897654989093677,0.005702564771010074,0.006762080144792603,0.007073985010685007,0.008234360965020015,0.007079091564689431,0.007432589470620308,0.005869397768448674,0.0067630868873198935,0.00528659556597279,0.006270845925639813,0.013356517047476823,0.006416069489857418,0.005634087015465289,0.004917103725904483,0.005004412296682619,0.00566194969098393,0.005308011087857836,0.006794881834618505,0.0077675932099625,0.007692319725098287,0.007960984006835942,0.006475516028754542,0.00781262822248115,0.0071833846965859436,0.007339978440007208,0.007368153265050493,0.007507331792139773,0.007280898862082812,0.007466168499209787,0.0073313880969632155,0.007390064845480167,0.007388302128082469,0.1021982330197978,0.0032672900003894167,0.0031193383658071885,0.008089633646159635,0.029234848822553956,0.039889251944078684,0.04588103831011572,0.04194135351420868,0.039961708857445176,0.05804374141212231,0.06164405790402571,0.028422587896740945,0.06449165057482546,0.001791281131000991,0.0019390357125797961,0.0015728402645548238,0.0016319081119662952,0.0019082076703767167,0.0016417855963962366,0.0016664688443009386,0.001436301967953859,0.0016133849131697658,0.00013580473880713196,0.0015914734703257707,0.0013973447160067413,0.0013202962696583645,0.0016126449340333525,0.0015230311287868677,0.0014923542183667075,0.0009439293150099252,0.001426813300221006,0.0014027141642706073,0.0015790371035874896,0.0001301360027451656,0.0016518922830606193,0.0015605997523280288,0.001693030167484572,0.0015311176148535622,0.0014325963247158744,0.0014691171564879479,0.0015770580962694851,0.001580128719589883,0.001558749901601812,0.0013895076040626746,0.00013847040141838624
closeness_centrality,0.03270441879178305,0.03276232973430056,0.03308942485250211,0.02901949698131716,0.029160797621768573,0.029803295262912574,0.02998818105634699,0.030488526617332153,0.030674127719805946,0.030784483665395827,0.027068283961248427,0.03068002235449839,0.030833298504379575,0.031329289729726824,0.0317794510265699,0.031795106995148086,0.03225645200620605,0.03215694360449073,0.03220200524651915,0.03136573439229456,0.025156343606234925,0.027655759161427967,0.025604602789845575,0.02575012300688973,0.025681776344038662,0.025900734237387275,0.02735730671775766,0.026772500718980862,0.027269506773510588,0.02432051834412333,0.024477816791165563,0.024503719870521603,0.028631915305218945,0.024558275299850305,0.02462256423956922,0.02518370346254331,0.024866293049354525,0.025021566363207213,0.028170829469588453,0.028339798386625092,0.02536406386838369,0.02574979512325064,0.025172940392292266,0.028894124195886994,0.025534660759058626,0.02582784772691683,0.02566482776013174,0.028428108771183663,0.025483498122039025,0.026156120169279613,0.026307196883163513,0.026212287014781937,0.02657826846005293,0.02726766828064085,0.029526199861906337,0.026692518459109037,0.02711326665515059,0.03337952671484578,0.029171173632847144,0.027896341541624382,0.029148188092398268,0.027937578483480406,0.027623754578013023,0.025320766211411844,0.029100650346917223,0.03014687216556681,0.0299328441193579,0.030846153746616135,0.02945986529739536,0.031032337992006123,0.030854468327484036,0.03148946574218293,0.03024819375475891,0.028645832453930518,0.029349696332566805,0.02988801460436502,0.030559057348403664,0.030107387882181508,0.03069834119551887,0.030993338103652346,0.030820140825039352,0.030531335298171768,0.03124184534633403,0.026512990417939006,0.026798636730938068,0.02697378966183761,0.029234148574238974,0.03217056264975923,0.029765569017418666,0.02963934328564976,0.029619518315528705,0.030161123276971822,0.029470168951827556,0.030499409191069568,0.029321751265928897,0.0292644675791132,0.029218379361873395,0.02855777939070511,0.03173571392525557,0.029418579972084417,0.029662385126698904,0.03157518101981524,0.030031825060260486,0.029923837941507166,0.030772460184344864,0.02964470202700843,0.030251964597702304,0.029973957413158205,0.030196702854670174,0.03206067666424784,0.026843814763754234,0.030676299163775473,0.030843174138890574,0.030562404499797087,0.02851120845751194,0.02842611074085128,0.029192650170213316,0.029398479276335862,0.03154972921469658,0.030146585340080904,0.030365680695249593,0.03369711472229863,0.030224684913004722,0.030212944190076745,0.03048638167430437,0.031157287805247832,0.031069049299024005,0.0320277528913015,0.032409298419385654,0.032810510326676944,0.03233743399992122,0.027963075201876984,0.03314233642008032,0.02834059271914241,0.029266867578866422,0.02926051549628968,0.030359602362135727,0.030507077638490924,0.030989538484132776,0.03086310140674888,0.02640210712946715,0.026906676100567344,0.027732730748836473,0.033234939181778,0.027334995856642428,0.027783915020669285,0.027949290895795766,0.02832458228092976,0.02812837991665069,0.02898400472222567,0.029602752932219603,0.029808274071604083,0.029202486584274243,0.029718035790711517,0.024143244016409295,0.032217738234042934,0.030774021144696715,0.03211098809306738,0.024117165126594023,0.02441118944125068,0.024448127567462664,0.024138807853442468,0.026922437463325455,0.026233936478879248,0.027558753965345472,0.026758684634894232,0.02722032071979011,0.02710515043393063,0.027261419258751144,0.02733487269329786,0.027229972622592958,0.028042307921823873,0.027877882254332,0.027439343002239845,0.028514022552902623,0.02497171768153657,0.02871579690451569,0.029006731949104327,0.027849599844028024,0.029755641564721394,0.026461529317139132,0.026134035988882615,0.02688330688053397,0.02682612858909229,0.02752349596417394,0.02776255471038715,0.02525141821506171,0.028201472568569412,0.028021195724917302,0.028262827529061747,0.02864042308908915,0.02876372100942186,0.02913908798996739,0.029238939025019377,0.02928594038484816,0.029587593726307263,0.028877497110327825,0.027926904290371857,0.027510640524676434,0.027231317101345336,0.02714019397772687,0.02698818899437356,0.027944141373286383,0.028133336643247703,0.02788339184383877,0.028465991218284463,0.02978018025213026,0.029051319652648212,0.025700162588953652,0.029644122610202786,0.02636772430575382,0.02755852918146913,0.02780247947534468,0.028247038719938083,0.029021790449484688,0.029559654797500383,0.030489159088667693,0.030897244335992287,0.030627093923681226,0.02484783171322079,0.03114285613894506,0.0319339901089221,0.032101608297658964,0.032800431024763696,0.03318688386710311,0.03338858809906028,0.033630109855723886,0.026212523863563608,0.02679496757706715,0.027408160369548424,0.025408623704149685,0.027960846500702033,0.02855366446987681,0.02933345357317144,0.029465225365022833,0.029785579607281412,0.030376450824416538,0.03139051431876531,0.03149337409690912,0.032581967638809585,0.03231773730580837,0.02626756642562346
clustering,0.01818181818181818,0.01818181818181818,0.027777777777777776,0.06666666666666667,0.06666666666666667,0.06666666666666667,0.06666666666666667,0.047619047619047616,0.047619047619047616,0.047619047619047616,0.16666666666666666,0.047619047619047616,0.06666666666666667,0.047619047619047616,0.047619047619047616,0.047619047619047616,0.047619047619047616,0.047619047619047616,0.047619047619047616,0.06666666666666667,0.005263157894736842,0.16666666666666666,0.005847953216374269,0.004761904761904762,0.005847953216374269,0.006535947712418301,0.007352941176470588,0.005847953216374269,0.007352941176470588,0.009523809523809525,0.01098901098901099,0.01282051282051282,0.16666666666666666,0.015151515151515152,0.01282051282051282,0.01818181818181818,0.009523809523809525,0.01282051282051282,0.06666666666666667,0.06666666666666667,0.01098901098901099,0.0,0.01098901098901099,0.16666666666666666,0.0,0.01098901098901099,0.01282051282051282,0.16666666666666666,0.06666666666666667,0.03571428571428571,0.01818181818181818,0.004761904761904762,0.0026455026455026454,0.006535947712418301,0.16666666666666666,0.0005288207297726071,0.00041407867494824016,0.01282051282051282,0.0,0.047619047619047616,0.06666666666666667,0.047619047619047616,0.0,0.0,0.0,0.16666666666666666,0.0,0.0,0.0,0.0,0.0,0.0,0.0,0.0,0.0,0.0,0.16666666666666666,0.0,0.0,0.0,0.0,0.0,0.1,0.047619047619047616,0.01818181818181818,0.047619047619047616,0.008333333333333333,0.16666666666666666,0.009523809523809525,0.008333333333333333,0.008333333333333333,0.009523809523809525,0.008333333333333333,0.008333333333333333,0.01282051282051282,0.01282051282051282,0.01818181818181818,0.008333333333333333,0.16666666666666666,0.01098901098901099,0.007352941176470588,0.0,0.007352941176470588,0.009523809523809525,0.0,0.008333333333333333,0.007352941176470588,0.006535947712418301,0.006535947712418301,0.16666666666666666,0.0,0.006535947712418301,0.006535947712418301,0.008333333333333333,0.01282051282051282,0.008333333333333333,0.009523809523809525,0.01098901098901099,0.0,0.0,0.008333333333333333,0.16666666666666666,0.007352941176470588,0.0036231884057971015,0.0036231884057971015,0.0033333333333333335,0.0033333333333333335,0.0036231884057971015,0.003076923076923077,0.0036231884057971015,0.003952569169960474,0.0033333333333333335,0.16666666666666666,0.0033333333333333335,0.0033333333333333335,0.003952569169960474,0.002849002849002849,0.0033333333333333335,0.003076923076923077,0.0033333333333333335,0.1,0.1,0.1,0.16666666666666666,0.1,0.1,0.1,0.1,0.1,0.005847953216374269,0.005847953216374269,0.007352941176470588,0.005263157894736842,0.004761904761904762,0.0,0.005263157894736842,0.005263157894736842,0.0,0.0,0.0,0.0,0.0,0.0,0.0,0.0,0.0,0.0,0.0,0.0,0.0,0.0,0.0,0.0,0.0,0.0,0.0,0.0,0.0,0.0,0.0,0.005847953216374269,0.01282051282051282,0.015151515151515152,0.01098901098901099,0.009523809523809525,0.008333333333333333,0.0,0.008333333333333333,0.008333333333333333,0.007352941176470588,0.008333333333333333,0.008333333333333333,0.008333333333333333,0.008333333333333333,0.009523809523809525,0.008333333333333333,0.01098901098901099,0.0,0.047619047619047616,0.047619047619047616,0.027777777777777776,0.06666666666666667,0.06666666666666667,0.06666666666666667,0.06666666666666667,0.06666666666666667,0.06666666666666667,0.06666666666666667,0.0,0.06666666666666667,0.015151515151515152,0.022222222222222223,0.03571428571428571,0.03571428571428571,0.015151515151515152,0.01818181818181818,0.027777777777777776,0.03571428571428571,0.01818181818181818,0.16666666666666666,0.01818181818181818,0.027777777777777776,0.027777777777777776,0.01818181818181818,0.01818181818181818,0.01818181818181818,0.047619047619047616,0.01818181818181818,0.022222222222222223,0.022222222222222223,0.16666666666666666,0.022222222222222223,0.022222222222222223,0.01818181818181818,0.01818181818181818,0.01818181818181818,0.01818181818181818,0.01818181818181818,0.01818181818181818,0.01818181818181818,0.01818181818181818,0.16666666666666666
degree,11.0,11.0,9.0,6.0,6.0,6.0,6.0,7.0,7.0,7.0,4.0,7.0,6.0,7.0,7.0,7.0,7.0,7.0,7.0,6.0,20.0,4.0,19.0,21.0,19.0,18.0,17.0,19.0,17.0,15.0,14.0,13.0,4.0,12.0,13.0,11.0,15.0,13.0,6.0,6.0,14.0,12.0,14.0,4.0,12.0,14.0,13.0,4.0,6.0,8.0,11.0,21.0,28.0,18.0,4.0,62.0,70.0,13.0,7.0,7.0,6.0,7.0,5.0,20.0,9.0,4.0,11.0,10.0,9.0,10.0,10.0,10.0,10.0,7.0,8.0,8.0,4.0,9.0,7.0,7.0,7.0,8.0,5.0,7.0,11.0,7.0,16.0,4.0,15.0,16.0,16.0,15.0,16.0,16.0,13.0,13.0,11.0,16.0,4.0,14.0,17.0,14.0,17.0,15.0,17.0,16.0,17.0,18.0,18.0,4.0,5.0,18.0,18.0,16.0,13.0,16.0,15.0,14.0,16.0,10.0,16.0,4.0,17.0,24.0,24.0,25.0,25.0,24.0,26.0,24.0,23.0,25.0,4.0,25.0,25.0,23.0,27.0,25.0,26.0,25.0,5.0,5.0,5.0,4.0,5.0,5.0,5.0,5.0,5.0,19.0,19.0,17.0,20.0,21.0,4.0,20.0,20.0,21.0,4.0,4.0,4.0,5.0,18.0,11.0,5.0,9.0,12.0,9.0,12.0,9.0,12.0,13.0,13.0,13.0,12.0,5.0,13.0,13.0,12.0,10.0,19.0,13.0,12.0,14.0,15.0,16.0,5.0,16.0,16.0,17.0,16.0,16.0,16.0,16.0,15.0,16.0,14.0,4.0,7.0,7.0,9.0,6.0,6.0,6.0,6.0,6.0,6.0,6.0,5.0,6.0,12.0,10.0,8.0,8.0,12.0,11.0,9.0,8.0,11.0,4.0,11.0,9.0,9.0,11.0,11.0,11.0,7.0,11.0,10.0,10.0,4.0,10.0,10.0,11.0,11.0,11.0,11.0,11.0,11.0,11.0,11.0,4.0
degree_centrality,0.001244766323412923,0.001244766323412923,0.0010184451737014824,0.0006789634491343216,0.0006789634491343216,0.0006789634491343216,0.0006789634491343216,0.0007921240239900419,0.0007921240239900419,0.0007921240239900419,0.0004526422994228811,0.0007921240239900419,0.0006789634491343216,0.0007921240239900419,0.0007921240239900419,0.0007921240239900419,0.0007921240239900419,0.0007921240239900419,0.0007921240239900419,0.0006789634491343216,0.0022632114971144054,0.0004526422994228811,0.002150050922258685,0.002376372071970126,0.002150050922258685,0.002036890347402965,0.0019237297725472446,0.002150050922258685,0.0019237297725472446,0.001697408622835804,0.0015842480479800838,0.0014710874731243635,0.0004526422994228811,0.0013579268982686432,0.0014710874731243635,0.001244766323412923,0.001697408622835804,0.0014710874731243635,0.0006789634491343216,0.0006789634491343216,0.0015842480479800838,0.0013579268982686432,0.0015842480479800838,0.0004526422994228811,0.0013579268982686432,0.0015842480479800838,0.0014710874731243635,0.0004526422994228811,0.0006789634491343216,0.0009052845988457622,0.001244766323412923,0.002376372071970126,0.0031684960959601676,0.002036890347402965,0.0004526422994228811,0.007015955641054656,0.007921240239900419,0.0014710874731243635,0.0007921240239900419,0.0007921240239900419,0.0006789634491343216,0.0007921240239900419,0.0005658028742786014,0.0022632114971144054,0.0010184451737014824,0.0004526422994228811,0.001244766323412923,0.0011316057485572027,0.0010184451737014824,0.0011316057485572027,0.0011316057485572027,0.0011316057485572027,0.0011316057485572027,0.0007921240239900419,0.0009052845988457622,0.0009052845988457622,0.0004526422994228811,0.0010184451737014824,0.0007921240239900419,0.0007921240239900419,0.0007921240239900419,0.0009052845988457622,0.0005658028742786014,0.0007921240239900419,0.001244766323412923,0.0007921240239900419,0.0018105691976915243,0.0004526422994228811,0.001697408622835804,0.0018105691976915243,0.0018105691976915243,0.001697408622835804,0.0018105691976915243,0.0018105691976915243,0.0014710874731243635,0.0014710874731243635,0.001244766323412923,0.0018105691976915243,0.0004526422994228811,0.0015842480479800838,0.0019237297725472446,0.0015842480479800838,0.0019237297725472446,0.001697408622835804,0.0019237297725472446,0.0018105691976915243,0.0019237297725472446,0.002036890347402965,0.002036890347402965,0.0004526422994228811,0.0005658028742786014,0.002036890347402965,0.002036890347402965,0.0018105691976915243,0.0014710874731243635,0.0018105691976915243,0.001697408622835804,0.0015842480479800838,0.0018105691976915243,0.0011316057485572027,0.0018105691976915243,0.0004526422994228811,0.0019237297725472446,0.0027158537965372865,0.0027158537965372865,0.002829014371393007,0.002829014371393007,0.0027158537965372865,0.002942174946248727,0.0027158537965372865,0.002602693221681566,0.002829014371393007,0.0004526422994228811,0.002829014371393007,0.002829014371393007,0.002602693221681566,0.003055335521104447,0.002829014371393007,0.002942174946248727,0.002829014371393007,0.0005658028742786014,0.0005658028742786014,0.0005658028742786014,0.0004526422994228811,0.0005658028742786014,0.0005658028742786014,0.0005658028742786014,0.0005658028742786014,0.0005658028742786014,0.002150050922258685,0.002150050922258685,0.0019237297725472446,0.0022632114971144054,0.002376372071970126,0.0004526422994228811,0.0022632114971144054,0.0022632114971144054,0.002376372071970126,0.0004526422994228811,0.0004526422994228811,0.0004526422994228811,0.0005658028742786014,0.002036890347402965,0.001244766323412923,0.0005658028742786014,0.0010184451737014824,0.0013579268982686432,0.0010184451737014824,0.0013579268982686432,0.0010184451737014824,0.0013579268982686432,0.0014710874731243635,0.0014710874731243635,0.0014710874731243635,0.0013579268982686432,0.0005658028742786014,0.0014710874731243635,0.0014710874731243635,0.0013579268982686432,0.0011316057485572027,0.002150050922258685,0.0014710874731243635,0.0013579268982686432,0.0015842480479800838,0.001697408622835804,0.0018105691976915243,0.0005658028742786014,0.0018105691976915243,0.0018105691976915243,0.0019237297725472446,0.0018105691976915243,0.0018105691976915243,0.0018105691976915243,0.0018105691976915243,0.001697408622835804,0.0018105691976915243,0.0015842480479800838,0.0004526422994228811,0.0007921240239900419,0.0007921240239900419,0.0010184451737014824,0.0006789634491343216,0.0006789634491343216,0.0006789634491343216,0.0006789634491343216,0.0006789634491343216,0.0006789634491343216,0.0006789634491343216,0.0005658028742786014,0.0006789634491343216,0.0013579268982686432,0.0011316057485572027,0.0009052845988457622,0.0009052845988457622,0.0013579268982686432,0.001244766323412923,0.0010184451737014824,0.0009052845988457622,0.001244766323412923,0.0004526422994228811,0.001244766323412923,0.0010184451737014824,0.0010184451737014824,0.001244766323412923,0.001244766323412923,0.001244766323412923,0.0007921240239900419,0.001244766323412923,0.0011316057485572027,0.0011316057485572027,0.0004526422994228811,0.0011316057485572027,0.0011316057485572027,0.001244766323412923,0.001244766323412923,0.001244766323412923,0.001244766323412923,0.001244766323412923,0.001244766323412923,0.001244766323412923,0.001244766323412923,0.0004526422994228811
has_feedback_path,1.0,1.0,1.0,1.0,1.0,1.0,1.0,1.0,1.0,1.0,1.0,1.0,1.0,1.0,1.0,1.0,1.0,1.0,1.0,1.0,1.0,1.0,1.0,1.0,1.0,1.0,1.0,1.0,1.0,1.0,1.0,1.0,1.0,1.0,1.0,1.0,1.0,1.0,1.0,1.0,1.0,1.0,1.0,1.0,1.0,1.0,1.0,1.0,1.0,1.0,1.0,1.0,1.0,1.0,1.0,1.0,1.0,1.0,1.0,1.0,1.0,1.0,1.0,1.0,1.0,1.0,1.0,1.0,1.0,1.0,1.0,1.0,1.0,1.0,1.0,1.0,1.0,1.0,1.0,1.0,1.0,1.0,1.0,1.0,1.0,1.0,1.0,1.0,1.0,1.0,1.0,1.0,1.0,1.0,1.0,1.0,1.0,1.0,1.0,1.0,1.0,1.0,1.0,1.0,1.0,1.0,1.0,1.0,1.0,1.0,1.0,1.0,1.0,1.0,1.0,1.0,1.0,1.0,1.0,1.0,1.0,1.0,1.0,1.0,1.0,1.0,1.0,1.0,1.0,1.0,1.0,1.0,1.0,1.0,1.0,1.0,1.0,1.0,1.0,1.0,1.0,1.0,1.0,1.0,1.0,1.0,1.0,1.0,1.0,1.0,1.0,1.0,1.0,1.0,1.0,1.0,1.0,1.0,1.0,1.0,1.0,1.0,1.0,1.0,1.0,1.0,1.0,1.0,1.0,1.0,1.0,1.0,1.0,1.0,1.0,1.0,1.0,1.0,1.0,1.0,1.0,1.0,1.0,1.0,1.0,1.0,1.0,1.0,1.0,1.0,1.0,1.0,1.0,1.0,1.0,1.0,1.0,1.0,1.0,1.0,1.0,1.0,1.0,1.0,1.0,1.0,1.0,1.0,1.0,1.0,1.0,1.0,1.0,1.0,1.0,1.0,1.0,1.0,1.0,1.0,1.0,1.0,1.0,1.0,1.0,1.0,1.0,1.0,1.0,1.0,1.0,1.0,1.0,1.0,1.0,1.0,1.0,1.0,1.0,1.0,1.0,1.0
indegree,2.0,2.0,2.0,2.0,2.0,2.0,2.0,2.0,2.0,2.0,2.0,2.0,2.0,2.0,2.0,2.0,2.0,2.0,2.0,2.0,2.0,2.0,2.0,2.0,2.0,2.0,2.0,2.0,2.0,2.0,2.0,2.0,2.0,2.0,2.0,2.0,2.0,2.0,2.0,2.0,2.0,2.0,2.0,2.0,2.0,2.0,2.0,2.0,2.0,2.0,2.0,2.0,2.0,2.0,2.0,2.0,2.0,2.0,2.0,2.0,2.0,2.0,2.0,2.0,2.0,2.0,2.0,2.0,2.0,2.0,2.0,2.0,2.0,2.0,2.0,2.0,2.0,2.0,2.0,2.0,2.0,2.0,2.0,2.0,2.0,2.0,2.0,2.0,2.0,2.0,2.0,2.0,2.0,2.0,2.0,2.0,2.0,2.0,2.0,2.0,2.0,2.0,2.0,2.0,2.0,2.0,2.0,2.0,2.0,2.0,2.0,2.0,2.0,2.0,2.0,2.0,2.0,2.0,2.0,2.0,2.0,2.0,2.0,2.0,2.0,2.0,2.0,2.0,2.0,2.0,2.0,2.0,2.0,2.0,2.0,2.0,2.0,2.0,2.0,2.0,2.0,2.0,2.0,2.0,2.0,2.0,2.0,2.0,2.0,2.0,2.0,2.0,2.0,2.0,2.0,2.0,2.0,2.0,2.0,2.0,2.0,2.0,2.0,2.0,2.0,2.0,2.0,2.0,2.0,2.0,2.0,2.0,2.0,2.0,2.0,2.0,2.0,2.0,2.0,2.0,2.0,2.0,2.0,2.0,2.0,2.0,2.0,2.0,2.0,2.0,2.0,2.0,2.0,2.0,2.0,2.0,2.0,2.0,2.0,2.0,2.0,2.0,2.0,2.0,2.0,2.0,2.0,2.0,2.0,2.0,2.0,2.0,2.0,2.0,2.0,2.0,2.0,2.0,2.0,2.0,2.0,2.0,2.0,2.0,2.0,2.0,2.0,2.0,2.0,2.0,2.0,2.0,2.0,2.0,2.0,2.0,2.0,2.0,2.0,2.0,2.0,2.0
katz,0.01057312862668082,0.01057312862668082,0.010573128799331793,0.010573138381460834,0.010573138381460834,0.010573137518205968,0.010573138381460834,0.010573138467786323,0.010573138467786323,0.010573138467786323,0.010573318629077438,0.010573138467786323,0.01057441599866663,0.010574626805505584,0.010574626805505584,0.010574626805505584,0.010574626805505584,0.010574626805505584,0.010574626805505584,0.01057441599866663,0.010563800035592335,0.010573318629077438,0.010563800035592335,0.010563800035592335,0.010563800035592335,0.010563800035592335,0.010581978197642616,0.010581978197642616,0.010581978197642616,0.010563713451128998,0.010563713451128998,0.010563713451128998,0.010573318801728411,0.010563713451128998,0.010563713451128998,0.010563713623779971,0.010563713623779971,0.010563713623779971,0.010573361619169901,0.010573361619169901,0.010573137000253046,0.010573501811760592,0.010573137949833401,0.010573318801728411,0.010573493351862877,0.010573137000253046,0.010573137000253046,0.01057227452231365,0.010581977420713236,0.010581977420713236,0.010581977420713236,0.010581977420713236,0.010581977420713236,0.010581977420713236,0.010573318801728411,0.010581977420713236,0.010581977420713236,0.010573137518205968,0.010573204852085731,0.010573128713006306,0.010573118785575314,0.010573118871900803,0.010571497679257235,0.010572233086079947,0.010574775285343013,0.01057331828377549,0.010574777270829212,0.010574796176110839,0.010574763545076799,0.010574777270829212,0.010574786680307282,0.010574805067635987,0.010574773213531329,0.010574466499076453,0.010574773299856816,0.010574773299856816,0.01057331828377549,0.010574773299856816,0.010574773299856816,0.010574775112692041,0.010574775112692041,0.010574775112692041,0.01057321460686575,0.0105722708966432,0.010573552830123338,0.010572270810317714,0.010573130439516043,0.010574577599978064,0.010573130439516043,0.010573130353190557,0.010573130439516043,0.01057313052584153,0.010573130439516043,0.010573130439516043,0.01057313052584153,0.010574488771052066,0.010573354626805465,0.010573130612167017,0.01057331828377549,0.010573324844512493,0.010573130439516043,0.010574696988126416,0.010573130439516043,0.01057313052584153,0.010574676442660538,0.010573130612167017,0.010573130612167017,0.010573130612167017,0.010573130612167017,0.01057331828377549,0.010564077658358133,0.010573130612167017,0.010573130612167017,0.010573130612167017,0.010573352900295728,0.01057332493083798,0.010573334426641535,0.010573334426641535,0.010574701908679169,0.010573597978352974,0.01057332493083798,0.010574577599978064,0.010573130698492503,0.01057313052584153,0.010573130612167017,0.01057313078481799,0.01057313078481799,0.01057313078481799,0.01057313078481799,0.010573130612167017,0.010573130612167017,0.01057313078481799,0.010574480570130813,0.01057313078481799,0.01057313078481799,0.010573130612167017,0.01057313078481799,0.01057313078481799,0.01057313078481799,0.01057313078481799,0.010574484368452236,0.01057448428212675,0.010574484368452236,0.010573318456426464,0.010574484368452236,0.01057448428212675,0.01057448454110321,0.01057448454110321,0.01057448454110321,0.0105731399353196,0.010573140021645087,0.010573335462547379,0.0105731399353196,0.010573140107970573,0.010573105318799363,0.010574500511318282,0.01057333459929251,0.010574690168412953,0.010574319314121325,0.010573455886601572,0.01057431059524715,0.01056190096120651,0.010561912960449185,0.01056191201086883,0.01046696200357345,0.01056191201086883,0.010561913046774672,0.01056191201086883,0.010561912097194317,0.01056191201086883,0.010561912097194317,0.010561913046774672,0.010561913046774672,0.010561875581513365,0.01056191313310016,0.010466962176224425,0.01056191313310016,0.010561913305751132,0.01056187575416434,0.010573550326684217,0.010573129317284715,0.010573128713006306,0.010573129748912148,0.010573129748912148,0.010573129835237637,0.01057312888565728,0.010466960190738225,0.010573129835237637,0.010573129921563123,0.010573129835237637,0.010573129835237637,0.010573129835237637,0.010573129835237637,0.010573129748912148,0.010573129921563123,0.010573129835237637,0.010573129835237637,0.010466960104412738,0.010573532457308434,0.010573532457308434,0.010573531507728077,0.010583020664222155,0.010583020664222155,0.010583020664222155,0.010583020664222155,0.010583020664222155,0.010583020750547642,0.010583020664222155,0.010466949141075904,0.010583020750547642,0.010573128713006306,0.010573129662586661,0.010573129835237637,0.010573129835237637,0.010573129835237637,0.01057312888565728,0.010573128799331793,0.010573129748912148,0.010573128799331793,0.010573318629077438,0.010573128799331793,0.010573128799331793,0.010573128799331793,0.010573127849751437,0.010573129748912148,0.010573129748912148,0.010573127849751437,0.01057312862668082,0.010573129576261175,0.010573129662586661,0.010573318629077438,0.01057312862668082,0.01057312862668082,0.010573127677100464,0.01057312862668082,0.010573127677100464,0.010573128713006306,0.010573128713006306,0.01057312862668082,0.010573129662586661,0.01057312862668082,0.010573318629077438
load_centrality,0.0013400038307595237,0.0012390288927276172,0.0010261500436480162,0.024524213960349962,0.020589370894123153,0.029207674206429134,0.03650780368174193,0.035389034563883294,0.024446410337110938,0.04417199959301382,0.00014613799453130647,0.03326516247007764,0.005205078880899289,0.008585042780582005,0.008389452063619346,0.008792150681271229,0.008871126848883836,0.007837530021618333,0.013996919473372189,0.008526238268250934,0.0025379278106225766,0.000145529673197485,0.0029975397916431556,0.0034584766725161142,0.002896972168767497,0.0032342690392282995,0.004794474987440406,0.004300123656038879,0.0037633585203765622,0.0010236791384407703,0.0009414941258186789,0.0010317834193683264,0.00015365556554084787,0.0009710457358774809,0.0009935380169841268,0.0010488284230574432,0.0011157477718918456,0.0010861025123645473,0.006688390211036533,0.0069538160170161956,0.006969986408708667,0.006596344289582624,0.0055029600870579705,0.0001537388095128445,0.0052670999235494564,0.006612706257471467,0.005260221096193731,0.0006637490124063231,0.02878275810282576,0.03893939609777649,0.04921625777353022,0.04717792606475636,0.03942787850403334,0.05515733508117286,0.00015830442120773634,0.0629303739866231,0.06534714489848858,0.06889564327320447,0.003125019130105103,0.003703290590670026,0.02225617593871858,0.00602852334930021,0.003899699239689261,0.0020738158525773335,0.006799777649267584,0.00016725634988860421,0.008128079698790524,0.009369194493354903,0.00531063643961075,0.00861787812520923,0.007033337022428692,0.008355757465108098,0.006016065668774643,0.005189082255995718,0.005216643114479019,0.004184865173004282,0.00016525209117822392,0.006482572591913256,0.004380884816538994,0.004045660040621521,0.0038492500909152244,0.0035231162170885994,0.006159044844721946,0.003853390678099249,0.006745366007384227,0.005381548597568313,0.008055040117063053,0.00017878884170136747,0.00855085342072277,0.007566664642290663,0.007404536101066481,0.007981643746869067,0.006613913270052205,0.0072799225764145084,0.005961337359618006,0.007885784711212318,0.007023679821201425,0.0064178734158416,0.00017556153694088292,0.008045635249125901,0.007332390591615165,0.010857489856209742,0.008240131487951934,0.00729589491348851,0.009603570297779826,0.007216327783711721,0.007784880510546039,0.007228783163021717,0.007194258426006073,0.00017964049156871754,0.008756972349006705,0.007467930587961652,0.006738374614317871,0.007560582129322405,0.0066632869507313,0.007083821389806266,0.007351074661108668,0.0077692534558606915,0.010485663746355003,0.007834434386409708,0.008066119769672383,0.00019372152960106978,0.008387792186821962,0.019605571984131407,0.019102403345159977,0.01931903560190361,0.01856538830248918,0.018106754938403816,0.018182889454969955,0.01664996641842119,0.017643474319497178,0.012346829095471834,0.00018930959908524864,0.013533049643226262,0.017288327670240584,0.01695787631578944,0.017892714375671748,0.018017341282392536,0.019409087394998296,0.020436595455992357,0.0008207348370912908,0.0007844823874453132,0.0008397843996493405,0.00019322206576909004,0.0008320419098308468,0.0008020796828717153,0.000785676218062938,0.0010154574955190412,0.0008749083531893686,0.008418949795217909,0.024207923123414653,0.020936349241134185,0.0109208150064792,0.009859396132762968,9.489812807615293e-05,0.03988804777943375,0.023222970428958878,0.03736365566877938,0.00018939924643970657,0.000188720487898811,0.00018773436699977405,0.00013790324468610185,0.01009750305807937,0.005598637120325525,0.01009568579814743,0.005704249407946459,0.006840793164909818,0.007043203859391929,0.008195764602014028,0.006909485925514229,0.007296178988545591,0.005866385002896634,0.006727638943410133,0.005316464518179024,0.006278463275167227,0.013999028412377882,0.006398289771165138,0.005627400163839506,0.004927770398128512,0.0050107690405345896,0.005607233311094814,0.005292820778837134,0.006861143283210948,0.007710846009521949,0.0077253081050904756,0.007962215846961728,0.006556888547860392,0.007851464719849552,0.007195433959458579,0.00733780481407206,0.007403067112602117,0.007495562083757729,0.007327781056718704,0.00750809120201888,0.007368175094077215,0.007443600836247171,0.007331256692655264,0.10289370008035092,0.0032480497186020774,0.0030843672065232488,0.008122517910885075,0.029333615682545437,0.03982176138994772,0.04564707162090114,0.04218834471620478,0.04009828283197965,0.05713005673271995,0.06180311008155963,0.028033757783087265,0.06434201040589352,0.0017767081112362816,0.0019729757857885177,0.001548695167868001,0.0016291709776371857,0.0018803324487615424,0.0016194887631971792,0.0016674155795985777,0.0014306867322248379,0.001591347197966921,0.00013659055128153967,0.0015794627202244894,0.0014065269703041345,0.001303215598096669,0.0016206712878426457,0.0015191544635699535,0.0014911604762948576,0.0009462150195382568,0.0014286778710833135,0.0013944600962144075,0.0015889500567240434,0.00013014234514303186,0.0016213875411894376,0.0015474826773936728,0.0016886756097928312,0.0015125129052969703,0.001417226221974124,0.0014514021747513298,0.0015671234022216049,0.001562887364617767,0.0015491575120922755,0.0013667895798064572,0.00013929918206266064
outdegree,9.0,9.0,7.0,4.0,4.0,4.0,4.0,5.0,5.0,5.0,2.0,5.0,4.0,5.0,5.0,5.0,5.0,5.0,5.0,4.0,18.0,2.0,17.0,19.0,17.0,16.0,15.0,17.0,15.0,13.0,12.0,11.0,2.0,10.0,11.0,9.0,13.0,11.0,4.0,4.0,12.0,10.0,12.0,2.0,10.0,12.0,11.0,2.0,4.0,6.0,9.0,19.0,26.0,16.0,2.0,60.0,68.0,11.0,5.0,5.0,4.0,5.0,3.0,18.0,7.0,2.0,9.0,8.0,7.0,8.0,8.0,8.0,8.0,5.0,6.0,6.0,2.0,7.0,5.0,5.0,5.0,6.0,3.0,5.0,9.0,5.0,14.0,2.0,13.0,14.0,14.0,13.0,14.0,14.0,11.0,11.0,9.0,14.0,2.0,12.0,15.0,12.0,15.0,13.0,15.0,14.0,15.0,16.0,16.0,2.0,3.0,16.0,16.0,14.0,11.0,14.0,13.0,12.0,14.0,8.0,14.0,2.0,15.0,22.0,22.0,23.0,23.0,22.0,24.0,22.0,21.0,23.0,2.0,23.0,23.0,21.0,25.0,23.0,24.0,23.0,3.0,3.0,3.0,2.0,3.0,3.0,3.0,3.0,3.0,17.0,17.0,15.0,18.0,19.0,2.0,18.0,18.0,19.0,2.0,2.0,2.0,3.0,16.0,9.0,3.0,7.0,10.0,7.0,10.0,7.0,10.0,11.0,11.0,11.0,10.0,3.0,11.0,11.0,10.0,8.0,17.0,11.0,10.0,12.0,13.0,14.0,3.0,14.0,14.0,15.0,14.0,14.0,14.0,14.0,13.0,14.0,12.0,2.0,5.0,5.0,7.0,4.0,4.0,4.0,4.0,4.0,4.0,4.0,3.0,4.0,10.0,8.0,6.0,6.0,10.0,9.0,7.0,6.0,9.0,2.0,9.0,7.0,7.0,9.0,9.0,9.0,5.0,9.0,8.0,8.0,2.0,8.0,8.0,9.0,9.0,9.0,9.0,9.0,9.0,9.0,9.0,2.0
pagerank,0.0003590312638983996,0.000349113380296303,0.0004079601286310982,0.00040075544672516666,0.0004090705819083728,0.00043150927827541904,0.00039834602412620776,0.0004549450284779281,0.00045717305392080734,0.00048010976141774796,0.0002471856905413061,0.0004585657258551048,0.00031193736383152787,0.00039405363458839627,0.0003973445725956315,0.0003805596784519241,0.0003924912279328387,0.00038879836286331496,0.00037302104328157376,0.00032372678319296126,0.00010061434428816316,0.000245302019388403,0.00010106750421664829,0.00010193090878232628,0.00010079797722929788,0.00010078025532751826,9.433550448935033e-05,9.398366141305684e-05,9.432943931155519e-05,8.39181108238147e-05,8.442702841824092e-05,8.454190762402806e-05,0.00023791470047451898,8.534899757440954e-05,8.500826837137671e-05,8.595541098952949e-05,8.371772942914211e-05,8.482435172018936e-05,8.336835416486816e-05,8.501162228667194e-05,0.0002918988655236602,0.00032753491267357483,0.0003078671683856979,0.00024814176473032844,0.0003373328850213995,0.00030187578031324724,0.00026645549341031404,0.0001090230644870442,0.0001064936780355304,0.00010069615347177729,9.775740113776151e-05,9.331186006605031e-05,9.236667136663088e-05,9.437828447741883e-05,0.0002473058257150846,9.18910561047026e-05,9.165360909786572e-05,0.0005379276624828445,0.000259660070750642,0.0002637239118729671,0.00037141434660427916,0.0007633646489035127,0.000225884542549818,7.528878344971067e-05,0.00040800988390165643,0.00021270828487372643,0.0004054434003724883,0.00042804304502359626,0.00034806705698715493,0.00040681227086294925,0.0004022211733006991,0.00042347075685312353,0.00034457515601990176,0.0002422478411360545,0.0002940785079262299,0.0002929481576642294,0.00021609617539522922,0.00028114271591099825,0.000308675348242959,0.0003120374610354982,0.0003074783848922915,0.00029351685589226755,0.00013327343133220582,0.00010959031479489497,0.00018485888445301862,0.00012204464738653548,0.000348838930293529,0.00023853927952861105,0.00035620154941813734,0.00034530578247236773,0.0003499517774650167,0.00035618010149863875,0.00029073052200743267,0.0003492643473868635,0.0003125150653265154,0.00028906656954057213,0.00029748802690536145,0.0003162999203903857,0.00022473339103075565,0.00032300736598524075,0.00032873311222442815,0.00040226721075312626,0.0003104046636220341,0.0003344436428104967,0.0003594833005802273,0.0003135786514624205,0.00033534863545826355,0.00032258969320482267,0.0003314341544611712,0.00021367887263931194,0.0006576276358026917,0.00032436780670865847,0.0003214293974480526,0.00033231417278926554,0.000317275195025021,0.0003306152295757492,0.000318865387451488,0.0003202853298865325,0.0003987744388994766,0.00036202226455038267,0.00034048518935193606,0.00022775664193831795,0.0003522844067241446,0.0004574092138577125,0.00041903091102312915,0.00045401137225971295,0.00046331265109286724,0.00044734195313417686,0.0004398653132789187,0.00046335387192241416,0.00045010959583252126,0.0003585007003444289,0.0002206528374008209,0.0004115735366883914,0.0004168450632009876,0.000423704277092835,0.00043255838365154027,0.00045158453032512116,0.00046900962693262376,0.00045298381739903795,9.503348493628787e-05,9.50589247033967e-05,9.468622535402782e-05,0.00020221273093175117,9.319788275406902e-05,9.33345381410739e-05,9.628620119127846e-05,9.59412497039939e-05,9.555617929314566e-05,0.00037747250791590135,0.0003845109883336606,0.00040623557882366957,0.0004027442212360145,0.00037764980411805434,0.00017525249197369245,0.00046454107075642775,0.0004356670122529366,0.0004918398906208703,0.00014788361070014038,0.00011486140725565866,0.0001399663901675333,0.00021602303509053673,0.00022833432407005992,0.00026863814166151127,0.0002977980079605189,0.0002877104529706694,0.0002667399468170967,0.00029523968731160155,0.0002970476859618088,0.00028419185120592296,0.00029282782546867904,0.00026143596287596263,0.0002768561811788828,0.000250709265860059,0.00028260624005036145,0.00030401201613324187,0.0002775020959772467,0.00026718255058590546,0.00024795994210011625,0.00031808690429866116,0.0002110987017885782,0.0002616105276058096,0.00032733332971804244,0.0003265797923982879,0.0003499816804864066,0.0003483024876589721,0.00033215170051790793,0.00035292120742227946,0.0003506055293951618,0.00034810506935513055,0.0003516213071410937,0.0003613846783336338,0.0003509603248128048,0.00034241483378748413,0.0003799836404935622,0.0003407625616755525,0.0003833866193254637,0.0003370762748688022,0.00022921384804512672,0.0002192532129961232,0.00021009053446514176,0.00017880279765889595,0.00017889008721129539,0.0001838088409869591,0.00017518906244618683,0.00016987820207716022,0.00017288459265103095,0.00017480160959787005,0.00019720902368110683,0.00017426758681130954,0.00030495319831549787,0.00034791653917278,0.0003777892104613651,0.00038153658325426235,0.0003690028048753472,0.0003729613953403694,0.0003517569443846579,0.00038341731685277307,0.00036848863053949804,0.0002227814237401949,0.0003626292393367021,0.0003727625835571565,0.0003767757490605207,0.00036191905702726273,0.00036032603690766893,0.00035817537727587966,0.0004378219160652697,0.0003256675295682759,0.00037252768630424173,0.0003634545096746295,0.00024119781536394294,0.00035985085519973616,0.00035939291250637763,0.00036413893692130775,0.00035457537484362466,0.00036252301209953834,0.00035612193035862156,0.0003743782152995646,0.00035538818190014896,0.0003786963118596747,0.00035233540008147756,0.0002537654997534753
xx_good_SN,0.0,0.0,0.0,0.0,0.0,0.0,0.0,0.0,0.0,0.0,0.0,0.0,0.0,0.0,0.0,0.0,0.0,0.0,0.0,0.0,0.0,0.0,0.0,0.0,0.0,0.0,0.0,0.0,0.0,0.0,0.0,0.0,0.0,0.0,0.0,0.0,0.0,0.0,0.0,0.0,0.0,0.0,0.0,0.0,0.0,0.0,0.0,0.0,0.0,0.0,0.0,0.0,0.0,0.0,0.0,0.0,0.0,0.0,0.0,0.0,0.0,0.0,0.0,0.0,0.0,0.0,0.0,0.0,0.0,0.0,0.0,0.0,0.0,0.0,0.0,0.0,0.0,0.0,0.0,0.0,0.0,0.0,0.0,0.0,0.0,0.0,0.0,0.0,0.0,0.0,0.0,0.0,0.0,0.0,0.0,0.0,0.0,0.0,0.0,0.0,0.0,0.0,0.0,0.0,0.0,0.0,0.0,0.0,0.0,0.0,0.0,0.0,0.0,0.0,0.0,0.0,0.0,0.0,0.0,0.0,0.0,0.0,0.0,0.0,0.0,0.0,0.0,0.0,0.0,0.0,0.0,0.0,0.0,0.0,0.0,0.0,0.0,0.0,0.0,0.0,0.0,0.0,0.0,0.0,0.0,0.0,0.0,0.0,0.0,0.0,0.0,0.0,0.0,0.0,0.0,0.0,0.0,0.0,0.0,0.0,0.0,0.0,0.0,0.0,0.0,0.0,0.0,0.0,0.0,0.0,0.0,0.0,0.0,0.0,0.0,0.0,0.0,0.0,0.0,0.0,0.0,0.0,0.0,0.0,0.0,0.0,0.0,0.0,0.0,0.0,0.0,0.0,0.0,0.0,0.0,0.0,0.0,0.0,0.0,0.0,0.0,0.0,0.0,0.0,0.0,0.0,0.0,0.0,0.0,0.0,0.0,0.0,0.0,0.0,0.0,0.0,0.0,0.0,0.0,0.0,0.0,0.0,0.0,0.0,0.0,0.0,0.0,0.0,0.0,0.0,0.0,0.0,0.0,0.0,0.0,0.0,0.0,0.0,0.0,0.0,0.0,0.0
xx_state_ff,0.0,0.0,0.0,0.0,0.0,0.0,0.0,0.0,0.0,0.0,0.0,0.0,0.0,0.0,0.0,0.0,0.0,0.0,0.0,0.0,0.0,0.0,0.0,0.0,0.0,0.0,0.0,0.0,0.0,0.0,0.0,0.0,0.0,0.0,0.0,0.0,0.0,0.0,0.0,0.0,0.0,0.0,0.0,0.0,0.0,0.0,0.0,0.0,0.0,0.0,0.0,0.0,0.0,0.0,0.0,0.0,0.0,0.0,0.0,0.0,0.0,0.0,0.0,0.0,0.0,0.0,0.0,0.0,0.0,0.0,0.0,0.0,0.0,0.0,0.0,0.0,0.0,0.0,0.0,0.0,0.0,0.0,0.0,0.0,0.0,0.0,0.0,0.0,0.0,0.0,0.0,0.0,0.0,0.0,0.0,0.0,0.0,0.0,0.0,0.0,0.0,0.0,0.0,0.0,0.0,0.0,0.0,0.0,0.0,0.0,1.0,0.0,0.0,0.0,0.0,0.0,0.0,0.0,0.0,0.0,0.0,0.0,0.0,0.0,0.0,0.0,0.0,0.0,0.0,0.0,0.0,0.0,0.0,0.0,0.0,0.0,0.0,0.0,0.0,0.0,0.0,0.0,0.0,0.0,0.0,0.0,0.0,0.0,0.0,0.0,0.0,0.0,0.0,0.0,0.0,0.0,0.0,0.0,0.0,0.0,0.0,0.0,0.0,0.0,1.0,0.0,0.0,0.0,0.0,0.0,0.0,0.0,0.0,0.0,0.0,1.0,0.0,0.0,0.0,0.0,0.0,0.0,0.0,0.0,0.0,0.0,1.0,0.0,0.0,0.0,0.0,0.0,0.0,0.0,0.0,0.0,0.0,1.0,0.0,0.0,0.0,0.0,0.0,0.0,0.0,0.0,0.0,0.0,1.0,0.0,0.0,0.0,0.0,0.0,0.0,0.0,0.0,0.0,0.0,0.0,0.0,0.0,0.0,0.0,0.0,0.0,0.0,0.0,0.0,0.0,0.0,0.0,0.0,0.0,0.0,0.0,0.0,0.0,0.0,0.0,0.0,0.0
